d,type,dataset,layer,edges,k1,k2,h,batch_size,lr,weight_decay,batchnorm,act,dropout,gpool,epoch,loss,loss_std,params,time_iter,time_iter_std,accuracy,accuracy_std,precision,precision_std,recall,recall_std,f1,f1_std,auc,auc_std,model_id,layers_mp
cuda,dilated_gnn,DD,gcnconv,False,3.0,2.0,32,32,0.01,0.0005,False,relu,0.0,max_of_concat_layers,889,0.02,0.0,7269.0,1.0912,0.0,1.0,0.0,1.0,0.0,1.0,0.0,1.0,0.0,1.0,0.0,tu_base-d=cuda-type=dilated_gnn-dataset=DD-layer=gcnconv-edges=False-k1=3-k2=2-h=32-batch_size=32-lr=0.01-weight_decay=0.0005-batchnorm=False-act=relu-dropout=0.0-gpool=max_of_concat_layers,
cuda,dilated_gnn,DD,gcnconv,False,1.0,3.0,32,32,0.01,0.0005,False,relu,0.0,max_of_concat_layers,996,0.0379,0.0,6183.0,0.8432,0.0,0.9989,0.0,0.9974,0.0,1.0,0.0,0.9987,0.0,1.0,0.0,tu_base-d=cuda-type=dilated_gnn-dataset=DD-layer=gcnconv-edges=False-k1=1-k2=3-h=32-batch_size=32-lr=0.01-weight_decay=0.0005-batchnorm=False-act=relu-dropout=0.0-gpool=max_of_concat_layers,
cuda,dilated_gnn,DD,gcnconv,False,1.0,1.0,32,32,0.01,0.0005,False,relu,0.0,max_of_concat_layers,897,0.0381,0.006,4003.0,0.6963,0.0305,1.0,0.0,1.0,0.0,1.0,0.0,1.0,0.0,1.0,0.0,tu_base-d=cuda-type=dilated_gnn-dataset=DD-layer=gcnconv-edges=False-k1=1-k2=1-h=32-batch_size=32-lr=0.01-weight_decay=0.0005-batchnorm=False-act=relu-dropout=0.0-gpool=max_of_concat_layers,
cuda,dilated_gnn,DD,gcnconv,False,3.0,1.0,32,32,0.01,0.0005,False,relu,0.0,max_of_concat_layers,980,0.0264,0.0006,6179.0,0.7152,0.0044,1.0,0.0,1.0,0.0,1.0,0.0,1.0,0.0,1.0,0.0,tu_base-d=cuda-type=dilated_gnn-dataset=DD-layer=gcnconv-edges=False-k1=3-k2=1-h=32-batch_size=32-lr=0.01-weight_decay=0.0005-batchnorm=False-act=relu-dropout=0.0-gpool=max_of_concat_layers,
cuda,dilated_gnn,DD,gcnconv,False,2.0,3.0,32,32,0.01,0.0005,False,relu,0.0,max_of_concat_layers,985,0.0386,0.0,7271.0,0.7945,0.0,1.0,0.0,1.0,0.0,1.0,0.0,1.0,0.0,1.0,0.0,tu_base-d=cuda-type=dilated_gnn-dataset=DD-layer=gcnconv-edges=False-k1=2-k2=3-h=32-batch_size=32-lr=0.01-weight_decay=0.0005-batchnorm=False-act=relu-dropout=0.0-gpool=max_of_concat_layers,
cuda,dilated_gnn,DD,gcnconv,False,3.0,3.0,32,32,0.01,0.0005,False,relu,0.0,max_of_concat_layers,932,0.0305,0.0,8359.0,0.8816,0.0,0.9989,0.0,1.0,0.0,0.9974,0.0,0.9987,0.0,1.0,0.0,tu_base-d=cuda-type=dilated_gnn-dataset=DD-layer=gcnconv-edges=False-k1=3-k2=3-h=32-batch_size=32-lr=0.01-weight_decay=0.0005-batchnorm=False-act=relu-dropout=0.0-gpool=max_of_concat_layers,
cuda,dilated_gnn,DD,gcnconv,False,1.0,2.0,32,32,0.01,0.0005,False,relu,0.0,max_of_concat_layers,989,0.0245,0.0,5093.0,0.7073,0.0,1.0,0.0,1.0,0.0,1.0,0.0,1.0,0.0,1.0,0.0,tu_base-d=cuda-type=dilated_gnn-dataset=DD-layer=gcnconv-edges=False-k1=1-k2=2-h=32-batch_size=32-lr=0.01-weight_decay=0.0005-batchnorm=False-act=relu-dropout=0.0-gpool=max_of_concat_layers,
cuda,dilated_gnn,DD,gcnconv,False,2.0,2.0,32,32,0.01,0.0005,False,relu,0.0,max_of_concat_layers,868,0.0464,0.0174,6181.0,0.8562,0.0139,0.9974,0.0026,0.9974,0.0025,0.9962,0.0038,0.9968,0.0032,0.9998,0.0002,tu_base-d=cuda-type=dilated_gnn-dataset=DD-layer=gcnconv-edges=False-k1=2-k2=2-h=32-batch_size=32-lr=0.01-weight_decay=0.0005-batchnorm=False-act=relu-dropout=0.0-gpool=max_of_concat_layers,
cuda,dilated_gnn,DD,gcnconv,False,2.0,1.0,32,32,0.01,0.0005,False,relu,0.0,max_of_concat_layers,787,0.0655,0.0196,5091.0,0.6083,0.0017,0.9932,0.0026,0.9937,0.0038,0.99,0.0025,0.9918,0.0031,0.9996,0.0003,tu_base-d=cuda-type=dilated_gnn-dataset=DD-layer=gcnconv-edges=False-k1=2-k2=1-h=32-batch_size=32-lr=0.01-weight_decay=0.0005-batchnorm=False-act=relu-dropout=0.0-gpool=max_of_concat_layers,
cuda,dilated_gnn,DD,gcnconv,False,1.0,2.0,32,32,0.01,0.0005,False,relu,0.0,mean,903,0.2812,0.0709,5029.0,0.77,0.0111,0.8876,0.0347,0.8924,0.0423,0.8273,0.047,0.8586,0.0449,0.9449,0.0291,tu_base-d=cuda-type=dilated_gnn-dataset=DD-layer=gcnconv-edges=False-k1=1-k2=2-h=32-batch_size=32-lr=0.01-weight_decay=0.0005-batchnorm=False-act=relu-dropout=0.0-gpool=mean,
cuda,dilated_gnn,DD,gcnconv,False,3.0,3.0,32,32,0.01,0.0005,False,relu,0.0,mean,974,0.4214,0.0339,8199.0,0.8301,0.0503,0.8276,0.0271,0.8571,0.0186,0.6985,0.0647,0.7688,0.0468,0.8782,0.0235,tu_base-d=cuda-type=dilated_gnn-dataset=DD-layer=gcnconv-edges=False-k1=3-k2=3-h=32-batch_size=32-lr=0.01-weight_decay=0.0005-batchnorm=False-act=relu-dropout=0.0-gpool=mean,
cuda,dilated_gnn,DD,gcnconv,False,1.0,3.0,32,32,0.01,0.0005,False,relu,0.0,mean,877,0.1585,0.0,6087.0,0.6975,0.0,0.947,0.0,0.9568,0.0,0.9124,0.0,0.934,0.0,0.9823,0.0,tu_base-d=cuda-type=dilated_gnn-dataset=DD-layer=gcnconv-edges=False-k1=1-k2=3-h=32-batch_size=32-lr=0.01-weight_decay=0.0005-batchnorm=False-act=relu-dropout=0.0-gpool=mean,
cuda,dilated_gnn,DD,gcnconv,False,3.0,2.0,32,32,0.01,0.0005,False,relu,0.0,mean,951,0.3624,0.0066,7141.0,0.8833,0.0017,0.8568,0.0042,0.8774,0.0046,0.7574,0.0093,0.813,0.0074,0.9108,0.0051,tu_base-d=cuda-type=dilated_gnn-dataset=DD-layer=gcnconv-edges=False-k1=3-k2=2-h=32-batch_size=32-lr=0.01-weight_decay=0.0005-batchnorm=False-act=relu-dropout=0.0-gpool=mean,
cuda,dilated_gnn,DD,gcnconv,False,2.0,1.0,32,32,0.01,0.0005,False,relu,0.0,mean,986,0.161,0.065,5027.0,0.5931,0.0061,0.9454,0.026,0.9512,0.0232,0.9136,0.0436,0.9319,0.0338,0.983,0.0142,tu_base-d=cuda-type=dilated_gnn-dataset=DD-layer=gcnconv-edges=False-k1=2-k2=1-h=32-batch_size=32-lr=0.01-weight_decay=0.0005-batchnorm=False-act=relu-dropout=0.0-gpool=mean,
cuda,dilated_gnn,DD,gcnconv,False,2.0,3.0,32,32,0.01,0.0005,False,relu,0.0,mean,830,0.3757,0.0639,7143.0,0.8175,0.0396,0.8395,0.0363,0.8438,0.04,0.7471,0.061,0.7922,0.0514,0.9013,0.0371,tu_base-d=cuda-type=dilated_gnn-dataset=DD-layer=gcnconv-edges=False-k1=2-k2=3-h=32-batch_size=32-lr=0.01-weight_decay=0.0005-batchnorm=False-act=relu-dropout=0.0-gpool=mean,
cuda,dilated_gnn,DD,gcnconv,False,1.0,1.0,32,32,0.01,0.0005,False,relu,0.0,mean,827,0.2479,0.0367,3971.0,0.6762,0.0046,0.9078,0.018,0.8996,0.0199,0.8744,0.0265,0.8868,0.0232,0.9665,0.0121,tu_base-d=cuda-type=dilated_gnn-dataset=DD-layer=gcnconv-edges=False-k1=1-k2=1-h=32-batch_size=32-lr=0.01-weight_decay=0.0005-batchnorm=False-act=relu-dropout=0.0-gpool=mean,
cuda,dilated_gnn,DD,gcnconv,False,2.0,2.0,32,32,0.01,0.0005,False,relu,0.0,mean,803,0.2891,0.0482,6085.0,0.6281,0.0125,0.8897,0.0212,0.9004,0.0296,0.824,0.025,0.8605,0.0272,0.9417,0.0172,tu_base-d=cuda-type=dilated_gnn-dataset=DD-layer=gcnconv-edges=False-k1=2-k2=2-h=32-batch_size=32-lr=0.01-weight_decay=0.0005-batchnorm=False-act=relu-dropout=0.0-gpool=mean,
cuda,dilated_gnn,DD,gcnconv,False,3.0,1.0,32,32,0.01,0.0005,False,relu,0.0,mean,899,0.0723,0.0,6083.0,0.6508,0.0,0.9862,0.0,0.9974,0.0,0.9695,0.0,0.9832,0.0,0.9979,0.0,tu_base-d=cuda-type=dilated_gnn-dataset=DD-layer=gcnconv-edges=False-k1=3-k2=1-h=32-batch_size=32-lr=0.01-weight_decay=0.0005-batchnorm=False-act=relu-dropout=0.0-gpool=mean,
cuda,dilated_gnn,DD,gcnconv,False,2.0,3.0,32,32,0.01,0.0005,False,relu,0.5,max_of_concat_layers,898,0.3854,0.013,7271.0,1.153,0.0946,0.8321,0.0056,0.8188,0.0052,0.7669,0.0134,0.7919,0.0073,0.9027,0.0071,tu_base-d=cuda-type=dilated_gnn-dataset=DD-layer=gcnconv-edges=False-k1=2-k2=3-h=32-batch_size=32-lr=0.01-weight_decay=0.0005-batchnorm=False-act=relu-dropout=0.5-gpool=max_of_concat_layers,
cuda,dilated_gnn,DD,gcnconv,False,3.0,3.0,32,32,0.01,0.0005,False,relu,0.5,max_of_concat_layers,832,0.3931,0.0128,8359.0,0.7541,0.0143,0.8346,0.0102,0.8333,0.01,0.7475,0.0223,0.788,0.0163,0.8958,0.0047,tu_base-d=cuda-type=dilated_gnn-dataset=DD-layer=gcnconv-edges=False-k1=3-k2=3-h=32-batch_size=32-lr=0.01-weight_decay=0.0005-batchnorm=False-act=relu-dropout=0.5-gpool=max_of_concat_layers,
cuda,dilated_gnn,DD,gcnconv,False,1.0,3.0,32,32,0.01,0.0005,False,relu,0.5,max_of_concat_layers,646,0.3163,0.0,6183.0,0.6781,0.0,0.8802,0.0,0.8852,0.0,0.8144,0.0,0.8483,0.0,0.9397,0.0,tu_base-d=cuda-type=dilated_gnn-dataset=DD-layer=gcnconv-edges=False-k1=1-k2=3-h=32-batch_size=32-lr=0.01-weight_decay=0.0005-batchnorm=False-act=relu-dropout=0.5-gpool=max_of_concat_layers,
cuda,dilated_gnn,DD,gcnconv,False,1.0,2.0,32,32,0.01,0.0005,False,relu,0.5,max_of_concat_layers,714,0.332,0.0107,5093.0,0.7664,0.0182,0.8692,0.0018,0.868,0.0072,0.8123,0.0081,0.8391,0.0015,0.932,0.0055,tu_base-d=cuda-type=dilated_gnn-dataset=DD-layer=gcnconv-edges=False-k1=1-k2=2-h=32-batch_size=32-lr=0.01-weight_decay=0.0005-batchnorm=False-act=relu-dropout=0.5-gpool=max_of_concat_layers,
cuda,dilated_gnn,DD,gcnconv,False,3.0,2.0,32,32,0.01,0.0005,False,relu,0.5,max_of_concat_layers,984,0.3943,0.0081,7269.0,0.7034,0.0116,0.8288,0.0059,0.8341,0.0097,0.7328,0.0133,0.7802,0.0118,0.9006,0.0064,tu_base-d=cuda-type=dilated_gnn-dataset=DD-layer=gcnconv-edges=False-k1=3-k2=2-h=32-batch_size=32-lr=0.01-weight_decay=0.0005-batchnorm=False-act=relu-dropout=0.5-gpool=max_of_concat_layers,
cuda,dilated_gnn,DD,gcnconv,False,2.0,1.0,32,32,0.01,0.0005,False,relu,0.5,max_of_concat_layers,891,0.3724,0.0,5091.0,0.8284,0.0,0.8462,0.0,0.8693,0.0,0.7371,0.0,0.7978,0.0,0.9127,0.0,tu_base-d=cuda-type=dilated_gnn-dataset=DD-layer=gcnconv-edges=False-k1=2-k2=1-h=32-batch_size=32-lr=0.01-weight_decay=0.0005-batchnorm=False-act=relu-dropout=0.5-gpool=max_of_concat_layers,
cuda,dilated_gnn,DD,gcnconv,False,3.0,1.0,32,32,0.01,0.0005,False,relu,0.5,max_of_concat_layers,920,0.3967,0.014,6179.0,0.7386,0.0277,0.8298,0.0046,0.8279,0.0126,0.7423,0.0242,0.7824,0.0089,0.8956,0.0087,tu_base-d=cuda-type=dilated_gnn-dataset=DD-layer=gcnconv-edges=False-k1=3-k2=1-h=32-batch_size=32-lr=0.01-weight_decay=0.0005-batchnorm=False-act=relu-dropout=0.5-gpool=max_of_concat_layers,
cuda,dilated_gnn,DD,gcnconv,False,1.0,1.0,32,32,0.01,0.0005,False,relu,0.5,max_of_concat_layers,991,0.3219,0.0,4003.0,0.7562,0.0,0.8727,0.0,0.8857,0.0,0.7949,0.0,0.8378,0.0,0.9389,0.0,tu_base-d=cuda-type=dilated_gnn-dataset=DD-layer=gcnconv-edges=False-k1=1-k2=1-h=32-batch_size=32-lr=0.01-weight_decay=0.0005-batchnorm=False-act=relu-dropout=0.5-gpool=max_of_concat_layers,
cuda,dilated_gnn,DD,gcnconv,False,2.0,2.0,32,32,0.01,0.0005,False,relu,0.5,max_of_concat_layers,985,0.385,0.0,6181.0,1.0296,0.0,0.8473,0.0,0.8433,0.0,0.7688,0.0,0.8043,0.0,0.9015,0.0,tu_base-d=cuda-type=dilated_gnn-dataset=DD-layer=gcnconv-edges=False-k1=2-k2=2-h=32-batch_size=32-lr=0.01-weight_decay=0.0005-batchnorm=False-act=relu-dropout=0.5-gpool=max_of_concat_layers,
cuda,dilated_gnn,DD,gcnconv,False,2.0,3.0,32,32,0.01,0.0005,False,relu,0.5,mean,894,0.4573,0.021,7143.0,0.9322,0.026,0.7977,0.0113,0.7934,0.0141,0.6899,0.0164,0.738,0.015,0.8577,0.0133,tu_base-d=cuda-type=dilated_gnn-dataset=DD-layer=gcnconv-edges=False-k1=2-k2=3-h=32-batch_size=32-lr=0.01-weight_decay=0.0005-batchnorm=False-act=relu-dropout=0.5-gpool=mean,
cuda,dilated_gnn,DD,gcnconv,False,1.0,3.0,32,32,0.01,0.0005,False,relu,0.5,mean,902,0.4908,0.0,6087.0,0.7531,0.0,0.7858,0.0,0.7955,0.0,0.638,0.0,0.7081,0.0,0.8326,0.0,tu_base-d=cuda-type=dilated_gnn-dataset=DD-layer=gcnconv-edges=False-k1=1-k2=3-h=32-batch_size=32-lr=0.01-weight_decay=0.0005-batchnorm=False-act=relu-dropout=0.5-gpool=mean,
cuda,dilated_gnn,DD,gcnconv,False,2.0,1.0,32,32,0.01,0.0005,False,relu,0.5,mean,967,0.4836,0.0212,5027.0,0.6084,0.0002,0.7906,0.0122,0.8011,0.0188,0.6507,0.0116,0.7182,0.0146,0.8356,0.0154,tu_base-d=cuda-type=dilated_gnn-dataset=DD-layer=gcnconv-edges=False-k1=2-k2=1-h=32-batch_size=32-lr=0.01-weight_decay=0.0005-batchnorm=False-act=relu-dropout=0.5-gpool=mean,
cuda,dilated_gnn,DD,gcnconv,False,2.0,2.0,32,32,0.01,0.0005,False,relu,0.5,mean,758,0.4505,0.0014,6085.0,0.917,0.0106,0.8091,0.0085,0.8234,0.0275,0.6933,0.0049,0.7525,0.0086,0.8626,0.0012,tu_base-d=cuda-type=dilated_gnn-dataset=DD-layer=gcnconv-edges=False-k1=2-k2=2-h=32-batch_size=32-lr=0.01-weight_decay=0.0005-batchnorm=False-act=relu-dropout=0.5-gpool=mean,
cuda,dilated_gnn,DD,gcnconv,False,1.0,2.0,32,32,0.01,0.0005,False,relu,0.5,mean,644,0.449,0.0191,5029.0,0.6629,0.0562,0.7964,0.0105,0.807,0.0132,0.6684,0.0233,0.7311,0.0173,0.8633,0.0133,tu_base-d=cuda-type=dilated_gnn-dataset=DD-layer=gcnconv-edges=False-k1=1-k2=2-h=32-batch_size=32-lr=0.01-weight_decay=0.0005-batchnorm=False-act=relu-dropout=0.5-gpool=mean,
cuda,dilated_gnn,DD,gcnconv,False,1.0,1.0,32,32,0.01,0.0005,False,relu,0.5,mean,875,0.4612,0.0,3971.0,0.774,0.0,0.807,0.0,0.8065,0.0,0.7033,0.0,0.7514,0.0,0.8606,0.0,tu_base-d=cuda-type=dilated_gnn-dataset=DD-layer=gcnconv-edges=False-k1=1-k2=1-h=32-batch_size=32-lr=0.01-weight_decay=0.0005-batchnorm=False-act=relu-dropout=0.5-gpool=mean,
cuda,dilated_gnn,DD,gcnconv,False,3.0,3.0,32,32,0.01,0.0005,False,relu,0.5,mean,731,0.5074,0.0184,8199.0,0.6836,0.0126,0.768,0.0111,0.7849,0.0257,0.6114,0.0399,0.686,0.0195,0.8174,0.0204,tu_base-d=cuda-type=dilated_gnn-dataset=DD-layer=gcnconv-edges=False-k1=3-k2=3-h=32-batch_size=32-lr=0.01-weight_decay=0.0005-batchnorm=False-act=relu-dropout=0.5-gpool=mean,
cuda,dilated_gnn,DD,gcnconv,False,3.0,2.0,32,32,0.01,0.0005,False,relu,0.5,mean,726,0.4892,0.0047,7141.0,0.8084,0.0101,0.7773,0.0011,0.7735,0.005,0.6498,0.0108,0.7062,0.0044,0.8346,0.0043,tu_base-d=cuda-type=dilated_gnn-dataset=DD-layer=gcnconv-edges=False-k1=3-k2=2-h=32-batch_size=32-lr=0.01-weight_decay=0.0005-batchnorm=False-act=relu-dropout=0.5-gpool=mean,
cuda,dilated_gnn,DD,gcnconv,False,3.0,1.0,32,32,0.01,0.0005,False,relu,0.5,mean,813,0.4941,0.0225,6083.0,0.6726,0.0088,0.7718,0.0168,0.8041,0.011,0.5961,0.0468,0.6838,0.0348,0.8298,0.0249,tu_base-d=cuda-type=dilated_gnn-dataset=DD-layer=gcnconv-edges=False-k1=3-k2=1-h=32-batch_size=32-lr=0.01-weight_decay=0.0005-batchnorm=False-act=relu-dropout=0.5-gpool=mean,
cuda,dilated_gnn,DD,gcnconv,False,3.0,3.0,64,32,0.01,0.0005,False,relu,0.0,max_of_concat_layers,705,0.0287,0.0113,26951.0,0.7027,0.0143,0.9981,0.0015,0.9975,0.0023,0.998,0.0019,0.9977,0.0018,1.0,0.0,tu_base-d=cuda-type=dilated_gnn-dataset=DD-layer=gcnconv-edges=False-k1=3-k2=3-h=64-batch_size=32-lr=0.01-weight_decay=0.0005-batchnorm=False-act=relu-dropout=0.0-gpool=max_of_concat_layers,
cuda,dilated_gnn,DD,gcnconv,False,3.0,1.0,64,32,0.01,0.0005,False,relu,0.0,max_of_concat_layers,554,0.0224,0.0077,18499.0,0.7322,0.0319,1.0,0.0,1.0,0.0,1.0,0.0,1.0,0.0,1.0,0.0,tu_base-d=cuda-type=dilated_gnn-dataset=DD-layer=gcnconv-edges=False-k1=3-k2=1-h=64-batch_size=32-lr=0.01-weight_decay=0.0005-batchnorm=False-act=relu-dropout=0.0-gpool=max_of_concat_layers,
cuda,dilated_gnn,DD,gcnconv,False,3.0,2.0,64,32,0.01,0.0005,False,relu,0.0,max_of_concat_layers,796,0.0212,0.0,22725.0,0.7987,0.0,1.0,0.0,1.0,0.0,1.0,0.0,1.0,0.0,1.0,0.0,tu_base-d=cuda-type=dilated_gnn-dataset=DD-layer=gcnconv-edges=False-k1=3-k2=2-h=64-batch_size=32-lr=0.01-weight_decay=0.0005-batchnorm=False-act=relu-dropout=0.0-gpool=max_of_concat_layers,
cuda,dilated_gnn,DD,gcnconv,False,2.0,3.0,64,32,0.01,0.0005,False,relu,0.0,max_of_concat_layers,752,0.0238,0.005,22727.0,0.7425,0.0278,1.0,0.0,1.0,0.0,1.0,0.0,1.0,0.0,1.0,0.0,tu_base-d=cuda-type=dilated_gnn-dataset=DD-layer=gcnconv-edges=False-k1=2-k2=3-h=64-batch_size=32-lr=0.01-weight_decay=0.0005-batchnorm=False-act=relu-dropout=0.0-gpool=max_of_concat_layers,
cuda,dilated_gnn,DD,gcnconv,False,1.0,3.0,64,32,0.01,0.0005,False,relu,0.0,max_of_concat_layers,932,0.044,0.0036,18503.0,0.8307,0.0165,0.9963,0.0005,0.9974,0.0,0.9936,0.0014,0.9954,0.0006,1.0,0.0,tu_base-d=cuda-type=dilated_gnn-dataset=DD-layer=gcnconv-edges=False-k1=1-k2=3-h=64-batch_size=32-lr=0.01-weight_decay=0.0005-batchnorm=False-act=relu-dropout=0.0-gpool=max_of_concat_layers,
cuda,dilated_gnn,DD,gcnconv,False,2.0,1.0,64,32,0.01,0.0005,False,relu,0.0,max_of_concat_layers,810,0.0414,0.0,14275.0,0.8105,0.0,1.0,0.0,1.0,0.0,1.0,0.0,1.0,0.0,1.0,0.0,tu_base-d=cuda-type=dilated_gnn-dataset=DD-layer=gcnconv-edges=False-k1=2-k2=1-h=64-batch_size=32-lr=0.01-weight_decay=0.0005-batchnorm=False-act=relu-dropout=0.0-gpool=max_of_concat_layers,
cuda,dilated_gnn,DD,gcnconv,False,1.0,2.0,64,32,0.01,0.0005,False,relu,0.0,max_of_concat_layers,919,0.0532,0.0156,14277.0,0.5729,0.0064,0.9958,0.0031,0.9949,0.0025,0.995,0.005,0.995,0.0038,0.9999,0.0001,tu_base-d=cuda-type=dilated_gnn-dataset=DD-layer=gcnconv-edges=False-k1=1-k2=2-h=64-batch_size=32-lr=0.01-weight_decay=0.0005-batchnorm=False-act=relu-dropout=0.0-gpool=max_of_concat_layers,
cuda,dilated_gnn,DD,gcnconv,False,1.0,1.0,64,32,0.01,0.0005,False,relu,0.0,max_of_concat_layers,566,0.0304,0.0067,10051.0,0.4941,0.0037,1.0,0.0,1.0,0.0,1.0,0.0,1.0,0.0,1.0,0.0,tu_base-d=cuda-type=dilated_gnn-dataset=DD-layer=gcnconv-edges=False-k1=1-k2=1-h=64-batch_size=32-lr=0.01-weight_decay=0.0005-batchnorm=False-act=relu-dropout=0.0-gpool=max_of_concat_layers,
cuda,dilated_gnn,DD,gcnconv,False,2.0,2.0,64,32,0.01,0.0005,False,relu,0.0,max_of_concat_layers,903,0.0304,0.0,18501.0,0.905,0.0,1.0,0.0,1.0,0.0,1.0,0.0,1.0,0.0,1.0,0.0,tu_base-d=cuda-type=dilated_gnn-dataset=DD-layer=gcnconv-edges=False-k1=2-k2=2-h=64-batch_size=32-lr=0.01-weight_decay=0.0005-batchnorm=False-act=relu-dropout=0.0-gpool=max_of_concat_layers,
cuda,dilated_gnn,DD,gcnconv,False,3.0,2.0,64,32,0.01,0.0005,False,relu,0.0,mean,817,0.396,0.1406,22469.0,0.8701,0.0259,0.8202,0.0895,0.8163,0.1214,0.7229,0.1247,0.7664,0.1232,0.8736,0.098,tu_base-d=cuda-type=dilated_gnn-dataset=DD-layer=gcnconv-edges=False-k1=3-k2=2-h=64-batch_size=32-lr=0.01-weight_decay=0.0005-batchnorm=False-act=relu-dropout=0.0-gpool=mean,
cuda,dilated_gnn,DD,gcnconv,False,2.0,2.0,64,32,0.01,0.0005,False,relu,0.0,mean,982,0.2436,0.0646,18309.0,0.8966,0.0595,0.9051,0.0207,0.9102,0.0024,0.8558,0.0522,0.8814,0.0289,0.955,0.0262,tu_base-d=cuda-type=dilated_gnn-dataset=DD-layer=gcnconv-edges=False-k1=2-k2=2-h=64-batch_size=32-lr=0.01-weight_decay=0.0005-batchnorm=False-act=relu-dropout=0.0-gpool=mean,
cuda,dilated_gnn,DD,gcnconv,False,3.0,1.0,64,32,0.01,0.0005,False,relu,0.0,mean,895,0.2424,0.0695,18307.0,0.8295,0.0309,0.9099,0.0304,0.927,0.0277,0.8474,0.0494,0.8853,0.0395,0.9584,0.0224,tu_base-d=cuda-type=dilated_gnn-dataset=DD-layer=gcnconv-edges=False-k1=3-k2=1-h=64-batch_size=32-lr=0.01-weight_decay=0.0005-batchnorm=False-act=relu-dropout=0.0-gpool=mean,
cuda,dilated_gnn,DD,gcnconv,False,1.0,2.0,64,32,0.01,0.0005,False,relu,0.0,mean,323,0.3723,0.032,14149.0,0.6801,0.0135,0.8441,0.0211,0.8636,0.0233,0.7408,0.0367,0.7972,0.0287,0.9004,0.0164,tu_base-d=cuda-type=dilated_gnn-dataset=DD-layer=gcnconv-edges=False-k1=1-k2=2-h=64-batch_size=32-lr=0.01-weight_decay=0.0005-batchnorm=False-act=relu-dropout=0.0-gpool=mean,
cuda,dilated_gnn,DD,gcnconv,False,1.0,1.0,64,32,0.01,0.0005,False,relu,0.0,mean,660,0.2471,0.0,9987.0,0.6218,0.0,0.912,0.0,0.9208,0.0,0.8619,0.0,0.8904,0.0,0.9674,0.0,tu_base-d=cuda-type=dilated_gnn-dataset=DD-layer=gcnconv-edges=False-k1=1-k2=1-h=64-batch_size=32-lr=0.01-weight_decay=0.0005-batchnorm=False-act=relu-dropout=0.0-gpool=mean,
cuda,dilated_gnn,DD,gcnconv,False,3.0,3.0,64,32,0.01,0.0005,False,relu,0.0,mean,538,0.3602,0.0,26631.0,0.769,0.0,0.8558,0.0,0.8474,0.0,0.7954,0.0,0.8206,0.0,0.9195,0.0,tu_base-d=cuda-type=dilated_gnn-dataset=DD-layer=gcnconv-edges=False-k1=3-k2=3-h=64-batch_size=32-lr=0.01-weight_decay=0.0005-batchnorm=False-act=relu-dropout=0.0-gpool=mean,
cuda,dilated_gnn,DD,gcnconv,False,1.0,3.0,64,32,0.01,0.0005,False,relu,0.0,mean,962,0.1948,0.0378,18311.0,0.9148,0.0045,0.929,0.0169,0.9412,0.0116,0.8837,0.0332,0.9114,0.0231,0.9744,0.0104,tu_base-d=cuda-type=dilated_gnn-dataset=DD-layer=gcnconv-edges=False-k1=1-k2=3-h=64-batch_size=32-lr=0.01-weight_decay=0.0005-batchnorm=False-act=relu-dropout=0.0-gpool=mean,
cuda,dilated_gnn,DD,gcnconv,False,2.0,3.0,64,32,0.01,0.0005,False,relu,0.0,mean,717,0.2532,0.0669,22471.0,0.784,0.0034,0.9067,0.0276,0.9081,0.0233,0.8597,0.0478,0.883,0.0363,0.9526,0.0251,tu_base-d=cuda-type=dilated_gnn-dataset=DD-layer=gcnconv-edges=False-k1=2-k2=3-h=64-batch_size=32-lr=0.01-weight_decay=0.0005-batchnorm=False-act=relu-dropout=0.0-gpool=mean,
cuda,dilated_gnn,DD,gcnconv,False,2.0,1.0,64,32,0.01,0.0005,False,relu,0.0,mean,950,0.1353,0.0,14147.0,0.6365,0.0,0.965,0.0,0.9708,0.0,0.9433,0.0,0.9569,0.0,0.9894,0.0,tu_base-d=cuda-type=dilated_gnn-dataset=DD-layer=gcnconv-edges=False-k1=2-k2=1-h=64-batch_size=32-lr=0.01-weight_decay=0.0005-batchnorm=False-act=relu-dropout=0.0-gpool=mean,
cuda,dilated_gnn,DD,gcnconv,False,3.0,1.0,64,32,0.01,0.0005,False,relu,0.5,max_of_concat_layers,967,0.3432,0.0234,18499.0,0.7086,0.018,0.8576,0.0089,0.8477,0.0035,0.7994,0.0178,0.8227,0.0107,0.9243,0.0119,tu_base-d=cuda-type=dilated_gnn-dataset=DD-layer=gcnconv-edges=False-k1=3-k2=1-h=64-batch_size=32-lr=0.01-weight_decay=0.0005-batchnorm=False-act=relu-dropout=0.5-gpool=max_of_concat_layers,
cuda,dilated_gnn,DD,gcnconv,False,3.0,2.0,64,32,0.01,0.0005,False,relu,0.5,max_of_concat_layers,964,0.3188,0.0055,22725.0,0.7488,0.0058,0.877,0.001,0.8876,0.0044,0.8032,0.0041,0.8432,0.0003,0.9344,0.0026,tu_base-d=cuda-type=dilated_gnn-dataset=DD-layer=gcnconv-edges=False-k1=3-k2=2-h=64-batch_size=32-lr=0.01-weight_decay=0.0005-batchnorm=False-act=relu-dropout=0.5-gpool=max_of_concat_layers,
cuda,dilated_gnn,DD,gcnconv,False,1.0,3.0,64,32,0.01,0.0005,False,relu,0.5,max_of_concat_layers,999,0.2763,0.004,18503.0,0.6638,0.0128,0.9035,0.0063,0.9112,0.006,0.8517,0.011,0.8804,0.007,0.9592,0.0008,tu_base-d=cuda-type=dilated_gnn-dataset=DD-layer=gcnconv-edges=False-k1=1-k2=3-h=64-batch_size=32-lr=0.01-weight_decay=0.0005-batchnorm=False-act=relu-dropout=0.5-gpool=max_of_concat_layers,
cuda,dilated_gnn,DD,gcnconv,False,1.0,1.0,64,32,0.01,0.0005,False,relu,0.5,max_of_concat_layers,902,0.2734,0.0189,10051.0,0.5393,0.0135,0.9024,0.0079,0.9059,0.0055,0.8516,0.0149,0.8779,0.0099,0.9618,0.0075,tu_base-d=cuda-type=dilated_gnn-dataset=DD-layer=gcnconv-edges=False-k1=1-k2=1-h=64-batch_size=32-lr=0.01-weight_decay=0.0005-batchnorm=False-act=relu-dropout=0.5-gpool=max_of_concat_layers,
cuda,dilated_gnn,DD,gcnconv,False,2.0,3.0,64,32,0.01,0.0005,False,relu,0.5,max_of_concat_layers,928,0.3392,0.0042,22727.0,0.7007,0.0106,0.8632,0.0011,0.8524,0.0008,0.8062,0.0011,0.8287,0.0002,0.9272,0.004,tu_base-d=cuda-type=dilated_gnn-dataset=DD-layer=gcnconv-edges=False-k1=2-k2=3-h=64-batch_size=32-lr=0.01-weight_decay=0.0005-batchnorm=False-act=relu-dropout=0.5-gpool=max_of_concat_layers,
cuda,dilated_gnn,DD,gcnconv,False,1.0,2.0,64,32,0.01,0.0005,False,relu,0.5,max_of_concat_layers,849,0.2798,0.0164,14277.0,0.6886,0.0197,0.8942,0.0103,0.9018,0.0169,0.8353,0.0151,0.8672,0.0125,0.9576,0.0072,tu_base-d=cuda-type=dilated_gnn-dataset=DD-layer=gcnconv-edges=False-k1=1-k2=2-h=64-batch_size=32-lr=0.01-weight_decay=0.0005-batchnorm=False-act=relu-dropout=0.5-gpool=max_of_concat_layers,
cuda,dilated_gnn,DD,gcnconv,False,2.0,2.0,64,32,0.01,0.0005,False,relu,0.5,max_of_concat_layers,923,0.3435,0.0253,18501.0,0.8151,0.0355,0.8588,0.0107,0.8557,0.013,0.7915,0.0191,0.8222,0.0133,0.9235,0.0112,tu_base-d=cuda-type=dilated_gnn-dataset=DD-layer=gcnconv-edges=False-k1=2-k2=2-h=64-batch_size=32-lr=0.01-weight_decay=0.0005-batchnorm=False-act=relu-dropout=0.5-gpool=max_of_concat_layers,
cuda,dilated_gnn,DD,gcnconv,False,3.0,3.0,64,32,0.01,0.0005,False,relu,0.5,max_of_concat_layers,702,0.3448,0.0258,26951.0,0.7122,0.0145,0.856,0.0151,0.8463,0.0144,0.7953,0.0299,0.8198,0.021,0.9222,0.0126,tu_base-d=cuda-type=dilated_gnn-dataset=DD-layer=gcnconv-edges=False-k1=3-k2=3-h=64-batch_size=32-lr=0.01-weight_decay=0.0005-batchnorm=False-act=relu-dropout=0.5-gpool=max_of_concat_layers,
cuda,dilated_gnn,DD,gcnconv,False,2.0,1.0,64,32,0.01,0.0005,False,relu,0.5,max_of_concat_layers,935,0.3673,0.0186,14275.0,0.9126,0.0412,0.8402,0.0118,0.8294,0.0159,0.7728,0.0205,0.8,0.0182,0.9126,0.0102,tu_base-d=cuda-type=dilated_gnn-dataset=DD-layer=gcnconv-edges=False-k1=2-k2=1-h=64-batch_size=32-lr=0.01-weight_decay=0.0005-batchnorm=False-act=relu-dropout=0.5-gpool=max_of_concat_layers,
cuda,dilated_gnn,DD,gcnconv,False,3.0,1.0,64,32,0.01,0.0005,False,relu,0.5,mean,737,0.467,0.0101,18307.0,0.7748,0.0552,0.798,0.009,0.8246,0.0265,0.6482,0.0091,0.7254,0.0045,0.852,0.0035,tu_base-d=cuda-type=dilated_gnn-dataset=DD-layer=gcnconv-edges=False-k1=3-k2=1-h=64-batch_size=32-lr=0.01-weight_decay=0.0005-batchnorm=False-act=relu-dropout=0.5-gpool=mean,
cuda,dilated_gnn,DD,gcnconv,False,3.0,3.0,64,32,0.01,0.0005,False,relu,0.5,mean,19,0.6798,0.0025,26631.0,0.7058,0.0258,0.5858,0.0044,0.1,0.3,0.0002,0.0008,0.0005,0.0015,0.4863,0.0154,tu_base-d=cuda-type=dilated_gnn-dataset=DD-layer=gcnconv-edges=False-k1=3-k2=3-h=64-batch_size=32-lr=0.01-weight_decay=0.0005-batchnorm=False-act=relu-dropout=0.5-gpool=mean,
cuda,dilated_gnn,DD,gcnconv,False,2.0,3.0,64,32,0.01,0.0005,False,relu,0.5,mean,508,0.4325,0.0234,22471.0,0.7901,0.0237,0.8132,0.0156,0.8009,0.0199,0.7311,0.0216,0.7644,0.0205,0.8736,0.0148,tu_base-d=cuda-type=dilated_gnn-dataset=DD-layer=gcnconv-edges=False-k1=2-k2=3-h=64-batch_size=32-lr=0.01-weight_decay=0.0005-batchnorm=False-act=relu-dropout=0.5-gpool=mean,
cuda,dilated_gnn,DD,gcnconv,False,1.0,3.0,64,32,0.01,0.0005,False,relu,0.5,mean,835,0.3916,0.0,18311.0,0.6509,0.0,0.8335,0.0,0.8407,0.0,0.7345,0.0,0.784,0.0,0.8984,0.0,tu_base-d=cuda-type=dilated_gnn-dataset=DD-layer=gcnconv-edges=False-k1=1-k2=3-h=64-batch_size=32-lr=0.01-weight_decay=0.0005-batchnorm=False-act=relu-dropout=0.5-gpool=mean,
cuda,dilated_gnn,DD,gcnconv,False,2.0,2.0,64,32,0.01,0.0005,False,relu,0.5,mean,992,0.414,0.0061,18309.0,0.6163,0.0076,0.825,0.0053,0.8374,0.0146,0.7176,0.006,0.7729,0.0097,0.8844,0.001,tu_base-d=cuda-type=dilated_gnn-dataset=DD-layer=gcnconv-edges=False-k1=2-k2=2-h=64-batch_size=32-lr=0.01-weight_decay=0.0005-batchnorm=False-act=relu-dropout=0.5-gpool=mean,
cuda,dilated_gnn,DD,gcnconv,False,1.0,1.0,64,32,0.01,0.0005,False,relu,0.5,mean,874,0.4661,0.0063,9987.0,0.5352,0.0154,0.8038,0.001,0.8086,0.0045,0.6959,0.0056,0.748,0.0013,0.8574,0.0032,tu_base-d=cuda-type=dilated_gnn-dataset=DD-layer=gcnconv-edges=False-k1=1-k2=1-h=64-batch_size=32-lr=0.01-weight_decay=0.0005-batchnorm=False-act=relu-dropout=0.5-gpool=mean,
cuda,dilated_gnn,DD,gcnconv,False,2.0,1.0,64,32,0.01,0.0005,False,relu,0.5,mean,874,0.4706,0.0183,14147.0,0.6016,0.0004,0.799,0.0015,0.7939,0.0149,0.6981,0.028,0.7423,0.0093,0.847,0.0182,tu_base-d=cuda-type=dilated_gnn-dataset=DD-layer=gcnconv-edges=False-k1=2-k2=1-h=64-batch_size=32-lr=0.01-weight_decay=0.0005-batchnorm=False-act=relu-dropout=0.5-gpool=mean,
cuda,dilated_gnn,DD,gcnconv,False,3.0,2.0,64,32,0.01,0.0005,False,relu,0.5,mean,969,0.4696,0.0,22469.0,0.8425,0.0,0.7869,0.0,0.8052,0.0,0.6375,0.0,0.7116,0.0,0.852,0.0,tu_base-d=cuda-type=dilated_gnn-dataset=DD-layer=gcnconv-edges=False-k1=3-k2=2-h=64-batch_size=32-lr=0.01-weight_decay=0.0005-batchnorm=False-act=relu-dropout=0.5-gpool=mean,
cuda,dilated_gnn,DD,gcnconv,False,1.0,2.0,64,32,0.01,0.0005,False,relu,0.5,mean,442,0.428,0.0168,14149.0,0.7458,0.0261,0.8096,0.0125,0.8277,0.0192,0.6831,0.0228,0.7482,0.016,0.8764,0.01,tu_base-d=cuda-type=dilated_gnn-dataset=DD-layer=gcnconv-edges=False-k1=1-k2=2-h=64-batch_size=32-lr=0.01-weight_decay=0.0005-batchnorm=False-act=relu-dropout=0.5-gpool=mean,
cuda,dilated_gnn,NCI1,gcnconv,False,2.0,2.0,32,32,0.01,0.0005,False,relu,0.0,max_of_concat_layers,983,0.4898,0.012,4517.0,1.1123,0.0803,0.7679,0.0102,0.7658,0.0133,0.7704,0.0092,0.7681,0.0107,0.8454,0.0089,tu_base-d=cuda-type=dilated_gnn-dataset=NCI1-layer=gcnconv-edges=False-k1=2-k2=2-h=32-batch_size=32-lr=0.01-weight_decay=0.0005-batchnorm=False-act=relu-dropout=0.0-gpool=max_of_concat_layers,
cuda,dilated_gnn,NCI1,gcnconv,False,3.0,2.0,32,32,0.01,0.0005,False,relu,0.0,max_of_concat_layers,891,0.5056,0.0259,5605.0,1.3192,0.1171,0.7562,0.0212,0.7592,0.0195,0.7491,0.0263,0.7541,0.0226,0.8313,0.0235,tu_base-d=cuda-type=dilated_gnn-dataset=NCI1-layer=gcnconv-edges=False-k1=3-k2=2-h=32-batch_size=32-lr=0.01-weight_decay=0.0005-batchnorm=False-act=relu-dropout=0.0-gpool=max_of_concat_layers,
cuda,dilated_gnn,NCI1,gcnconv,False,2.0,1.0,32,32,0.01,0.0005,False,relu,0.0,max_of_concat_layers,996,0.4717,0.0228,3427.0,0.824,0.0448,0.7821,0.0153,0.7801,0.0156,0.7847,0.0158,0.7824,0.0154,0.859,0.0173,tu_base-d=cuda-type=dilated_gnn-dataset=NCI1-layer=gcnconv-edges=False-k1=2-k2=1-h=32-batch_size=32-lr=0.01-weight_decay=0.0005-batchnorm=False-act=relu-dropout=0.0-gpool=max_of_concat_layers,
cuda,dilated_gnn,NCI1,gcnconv,False,1.0,1.0,32,32,0.01,0.0005,False,relu,0.0,max_of_concat_layers,999,0.5263,0.0136,2339.0,0.633,0.0343,0.7459,0.0105,0.7461,0.0106,0.7449,0.0119,0.7455,0.0109,0.8169,0.0122,tu_base-d=cuda-type=dilated_gnn-dataset=NCI1-layer=gcnconv-edges=False-k1=1-k2=1-h=32-batch_size=32-lr=0.01-weight_decay=0.0005-batchnorm=False-act=relu-dropout=0.0-gpool=max_of_concat_layers,
cuda,dilated_gnn,NCI1,gcnconv,False,3.0,1.0,32,32,0.01,0.0005,False,relu,0.0,max_of_concat_layers,961,0.4976,0.0312,4515.0,0.8737,0.0393,0.7639,0.0204,0.7609,0.0219,0.77,0.0183,0.7654,0.0194,0.838,0.026,tu_base-d=cuda-type=dilated_gnn-dataset=NCI1-layer=gcnconv-edges=False-k1=3-k2=1-h=32-batch_size=32-lr=0.01-weight_decay=0.0005-batchnorm=False-act=relu-dropout=0.0-gpool=max_of_concat_layers,
cuda,dilated_gnn,NCI1,gcnconv,False,1.0,2.0,32,32,0.01,0.0005,False,relu,0.0,max_of_concat_layers,988,0.4922,0.0089,3429.0,0.7112,0.0035,0.7722,0.0024,0.77,0.0032,0.769,0.0019,0.7696,0.0025,0.8441,0.0055,tu_base-d=cuda-type=dilated_gnn-dataset=NCI1-layer=gcnconv-edges=False-k1=1-k2=2-h=32-batch_size=32-lr=0.01-weight_decay=0.0005-batchnorm=False-act=relu-dropout=0.0-gpool=max_of_concat_layers,
cuda,dilated_gnn,NCI1,gcnconv,False,3.0,3.0,32,32,0.01,0.0005,False,relu,0.0,max_of_concat_layers,885,0.499,0.0184,6695.0,1.1733,0.0322,0.7612,0.0113,0.7655,0.0129,0.7525,0.0165,0.7588,0.0127,0.8372,0.0149,tu_base-d=cuda-type=dilated_gnn-dataset=NCI1-layer=gcnconv-edges=False-k1=3-k2=3-h=32-batch_size=32-lr=0.01-weight_decay=0.0005-batchnorm=False-act=relu-dropout=0.0-gpool=max_of_concat_layers,
cuda,dilated_gnn,NCI1,gcnconv,False,2.0,3.0,32,32,0.01,0.0005,False,relu,0.0,max_of_concat_layers,988,0.4946,0.019,5607.0,1.3804,0.1198,0.7659,0.0134,0.7652,0.0155,0.7656,0.0104,0.7653,0.0124,0.8421,0.0144,tu_base-d=cuda-type=dilated_gnn-dataset=NCI1-layer=gcnconv-edges=False-k1=2-k2=3-h=32-batch_size=32-lr=0.01-weight_decay=0.0005-batchnorm=False-act=relu-dropout=0.0-gpool=max_of_concat_layers,
cuda,dilated_gnn,NCI1,gcnconv,False,1.0,3.0,32,32,0.01,0.0005,False,relu,0.0,max_of_concat_layers,936,0.5066,0.0164,4519.0,0.8928,0.0329,0.7567,0.0129,0.7579,0.0133,0.7544,0.0149,0.7561,0.0132,0.832,0.0131,tu_base-d=cuda-type=dilated_gnn-dataset=NCI1-layer=gcnconv-edges=False-k1=1-k2=3-h=32-batch_size=32-lr=0.01-weight_decay=0.0005-batchnorm=False-act=relu-dropout=0.0-gpool=max_of_concat_layers,
cuda,dilated_gnn,NCI1,gcnconv,False,3.0,1.0,32,32,0.01,0.0005,False,relu,0.0,mean,722,0.6301,0.0459,4419.0,1.0866,0.0975,0.6268,0.0764,0.6271,0.0696,0.5643,0.1957,0.5819,0.1546,0.6663,0.109,tu_base-d=cuda-type=dilated_gnn-dataset=NCI1-layer=gcnconv-edges=False-k1=3-k2=1-h=32-batch_size=32-lr=0.01-weight_decay=0.0005-batchnorm=False-act=relu-dropout=0.0-gpool=mean,
cuda,dilated_gnn,NCI1,gcnconv,False,1.0,2.0,32,32,0.01,0.0005,False,relu,0.0,mean,727,0.5872,0.0138,3365.0,0.731,0.0325,0.6927,0.012,0.6875,0.0145,0.706,0.0142,0.6965,0.0121,0.7564,0.0152,tu_base-d=cuda-type=dilated_gnn-dataset=NCI1-layer=gcnconv-edges=False-k1=1-k2=2-h=32-batch_size=32-lr=0.01-weight_decay=0.0005-batchnorm=False-act=relu-dropout=0.0-gpool=mean,
cuda,dilated_gnn,NCI1,gcnconv,False,1.0,1.0,32,32,0.01,0.0005,False,relu,0.0,mean,910,0.5914,0.0077,2307.0,0.6523,0.0463,0.6932,0.0079,0.6974,0.0064,0.6796,0.009,0.6884,0.0073,0.7543,0.0099,tu_base-d=cuda-type=dilated_gnn-dataset=NCI1-layer=gcnconv-edges=False-k1=1-k2=1-h=32-batch_size=32-lr=0.01-weight_decay=0.0005-batchnorm=False-act=relu-dropout=0.0-gpool=mean,
cuda,dilated_gnn,NCI1,gcnconv,False,3.0,2.0,32,32,0.01,0.0005,False,relu,0.0,mean,952,0.6231,0.0057,5477.0,1.1528,0.0765,0.6662,0.009,0.6656,0.006,0.663,0.007,0.6643,0.0065,0.7141,0.008,tu_base-d=cuda-type=dilated_gnn-dataset=NCI1-layer=gcnconv-edges=False-k1=3-k2=2-h=32-batch_size=32-lr=0.01-weight_decay=0.0005-batchnorm=False-act=relu-dropout=0.0-gpool=mean,
cuda,dilated_gnn,NCI1,gcnconv,False,2.0,2.0,32,32,0.01,0.0005,False,relu,0.0,mean,804,0.6028,0.014,4421.0,0.7306,0.0229,0.6771,0.0149,0.678,0.0147,0.6752,0.0169,0.6765,0.0149,0.7395,0.0152,tu_base-d=cuda-type=dilated_gnn-dataset=NCI1-layer=gcnconv-edges=False-k1=2-k2=2-h=32-batch_size=32-lr=0.01-weight_decay=0.0005-batchnorm=False-act=relu-dropout=0.0-gpool=mean,
cuda,dilated_gnn,NCI1,gcnconv,False,1.0,3.0,32,32,0.01,0.0005,False,relu,0.0,mean,855,0.6489,0.006,4423.0,0.8144,0.0391,0.6289,0.0159,0.6253,0.0143,0.64,0.0305,0.6325,0.0219,0.6704,0.0175,tu_base-d=cuda-type=dilated_gnn-dataset=NCI1-layer=gcnconv-edges=False-k1=1-k2=3-h=32-batch_size=32-lr=0.01-weight_decay=0.0005-batchnorm=False-act=relu-dropout=0.0-gpool=mean,
cuda,dilated_gnn,NCI1,gcnconv,False,3.0,3.0,32,32,0.01,0.0005,False,relu,0.0,mean,833,0.6125,0.0,6535.0,1.1235,0.0,0.6834,0.0,0.678,0.0,0.6941,0.0,0.686,0.0,0.7279,0.0,tu_base-d=cuda-type=dilated_gnn-dataset=NCI1-layer=gcnconv-edges=False-k1=3-k2=3-h=32-batch_size=32-lr=0.01-weight_decay=0.0005-batchnorm=False-act=relu-dropout=0.0-gpool=mean,
cuda,dilated_gnn,NCI1,gcnconv,False,2.0,3.0,32,32,0.01,0.0005,False,relu,0.0,mean,768,0.6256,0.0052,5479.0,1.0063,0.0768,0.6572,0.0075,0.6555,0.0079,0.6614,0.0143,0.6584,0.0096,0.7094,0.0075,tu_base-d=cuda-type=dilated_gnn-dataset=NCI1-layer=gcnconv-edges=False-k1=2-k2=3-h=32-batch_size=32-lr=0.01-weight_decay=0.0005-batchnorm=False-act=relu-dropout=0.0-gpool=mean,
cuda,dilated_gnn,NCI1,gcnconv,False,2.0,1.0,32,32,0.01,0.0005,False,relu,0.0,mean,991,0.597,0.0098,3363.0,0.7419,0.091,0.6885,0.0098,0.6894,0.0109,0.687,0.0183,0.688,0.0108,0.7461,0.0122,tu_base-d=cuda-type=dilated_gnn-dataset=NCI1-layer=gcnconv-edges=False-k1=2-k2=1-h=32-batch_size=32-lr=0.01-weight_decay=0.0005-batchnorm=False-act=relu-dropout=0.0-gpool=mean,
cuda,dilated_gnn,NCI1,gcnconv,False,1.0,3.0,32,32,0.01,0.0005,False,relu,0.5,max_of_concat_layers,677,0.5988,0.0,4519.0,1.2118,0.0,0.6895,0.0,0.6895,0.0,0.6874,0.0,0.6884,0.0,0.7432,0.0,tu_base-d=cuda-type=dilated_gnn-dataset=NCI1-layer=gcnconv-edges=False-k1=1-k2=3-h=32-batch_size=32-lr=0.01-weight_decay=0.0005-batchnorm=False-act=relu-dropout=0.5-gpool=max_of_concat_layers,
cuda,dilated_gnn,NCI1,gcnconv,False,3.0,1.0,32,32,0.01,0.0005,False,relu,0.5,max_of_concat_layers,705,0.6166,0.0,4515.0,1.1143,0.0,0.6724,0.0,0.6698,0.0,0.6833,0.0,0.6765,0.0,0.7206,0.0,tu_base-d=cuda-type=dilated_gnn-dataset=NCI1-layer=gcnconv-edges=False-k1=3-k2=1-h=32-batch_size=32-lr=0.01-weight_decay=0.0005-batchnorm=False-act=relu-dropout=0.5-gpool=max_of_concat_layers,
cuda,dilated_gnn,NCI1,gcnconv,False,1.0,2.0,32,32,0.01,0.0005,False,relu,0.5,max_of_concat_layers,389,0.5998,0.0053,3429.0,0.8887,0.0316,0.6787,0.0064,0.6814,0.0072,0.6703,0.0096,0.6757,0.0056,0.7398,0.0069,tu_base-d=cuda-type=dilated_gnn-dataset=NCI1-layer=gcnconv-edges=False-k1=1-k2=2-h=32-batch_size=32-lr=0.01-weight_decay=0.0005-batchnorm=False-act=relu-dropout=0.5-gpool=max_of_concat_layers,
cuda,dilated_gnn,NCI1,gcnconv,False,1.0,1.0,32,32,0.01,0.0005,False,relu,0.5,max_of_concat_layers,561,0.5696,0.0,2339.0,1.0244,0.0,0.7083,0.0,0.7076,0.0,0.7114,0.0,0.7095,0.0,0.7762,0.0,tu_base-d=cuda-type=dilated_gnn-dataset=NCI1-layer=gcnconv-edges=False-k1=1-k2=1-h=32-batch_size=32-lr=0.01-weight_decay=0.0005-batchnorm=False-act=relu-dropout=0.5-gpool=max_of_concat_layers,
cuda,dilated_gnn,NCI1,gcnconv,False,2.0,2.0,32,32,0.01,0.0005,False,relu,0.5,max_of_concat_layers,520,0.6124,0.011,4517.0,1.3553,0.2083,0.6699,0.0071,0.6721,0.0073,0.66,0.0147,0.666,0.0111,0.7229,0.0139,tu_base-d=cuda-type=dilated_gnn-dataset=NCI1-layer=gcnconv-edges=False-k1=2-k2=2-h=32-batch_size=32-lr=0.01-weight_decay=0.0005-batchnorm=False-act=relu-dropout=0.5-gpool=max_of_concat_layers,
cuda,dilated_gnn,NCI1,gcnconv,False,2.0,1.0,32,32,0.01,0.0005,False,relu,0.5,max_of_concat_layers,696,0.5953,0.0,3427.0,1.1594,0.0,0.6864,0.0,0.6925,0.0,0.6719,0.0,0.6821,0.0,0.7458,0.0,tu_base-d=cuda-type=dilated_gnn-dataset=NCI1-layer=gcnconv-edges=False-k1=2-k2=1-h=32-batch_size=32-lr=0.01-weight_decay=0.0005-batchnorm=False-act=relu-dropout=0.5-gpool=max_of_concat_layers,
cuda,dilated_gnn,NCI1,gcnconv,False,3.0,3.0,32,32,0.01,0.0005,False,relu,0.5,max_of_concat_layers,525,0.6032,0.0,6695.0,1.3545,0.0,0.6743,0.0,0.6778,0.0,0.6675,0.0,0.6726,0.0,0.7367,0.0,tu_base-d=cuda-type=dilated_gnn-dataset=NCI1-layer=gcnconv-edges=False-k1=3-k2=3-h=32-batch_size=32-lr=0.01-weight_decay=0.0005-batchnorm=False-act=relu-dropout=0.5-gpool=max_of_concat_layers,
cuda,dilated_gnn,NCI1,gcnconv,False,2.0,3.0,32,32,0.01,0.0005,False,relu,0.5,max_of_concat_layers,518,0.6047,0.0069,5607.0,1.4804,0.09,0.6737,0.0054,0.6772,0.0068,0.6665,0.0085,0.6718,0.0055,0.7336,0.0083,tu_base-d=cuda-type=dilated_gnn-dataset=NCI1-layer=gcnconv-edges=False-k1=2-k2=3-h=32-batch_size=32-lr=0.01-weight_decay=0.0005-batchnorm=False-act=relu-dropout=0.5-gpool=max_of_concat_layers,
cuda,dilated_gnn,NCI1,gcnconv,False,3.0,2.0,32,32,0.01,0.0005,False,relu,0.5,max_of_concat_layers,971,0.6114,0.0014,5605.0,1.4584,0.1044,0.6702,0.001,0.6748,0.0017,0.6518,0.0016,0.6631,0.0017,0.7238,0.0034,tu_base-d=cuda-type=dilated_gnn-dataset=NCI1-layer=gcnconv-edges=False-k1=3-k2=2-h=32-batch_size=32-lr=0.01-weight_decay=0.0005-batchnorm=False-act=relu-dropout=0.5-gpool=max_of_concat_layers,
cuda,dilated_gnn,NCI1,gcnconv,False,1.0,3.0,32,32,0.01,0.0005,False,relu,0.5,mean,788,0.6666,0.0042,4423.0,1.051,0.0624,0.6101,0.0018,0.6076,0.0101,0.6146,0.0667,0.6087,0.028,0.6354,0.0136,tu_base-d=cuda-type=dilated_gnn-dataset=NCI1-layer=gcnconv-edges=False-k1=1-k2=3-h=32-batch_size=32-lr=0.01-weight_decay=0.0005-batchnorm=False-act=relu-dropout=0.5-gpool=mean,
cuda,dilated_gnn,NCI1,gcnconv,False,3.0,1.0,32,32,0.01,0.0005,False,relu,0.5,mean,754,0.683,0.0108,4419.0,1.1374,0.0473,0.5464,0.0427,0.5417,0.0363,0.6122,0.0553,0.5748,0.0448,0.5538,0.0522,tu_base-d=cuda-type=dilated_gnn-dataset=NCI1-layer=gcnconv-edges=False-k1=3-k2=1-h=32-batch_size=32-lr=0.01-weight_decay=0.0005-batchnorm=False-act=relu-dropout=0.5-gpool=mean,
cuda,dilated_gnn,NCI1,gcnconv,False,3.0,3.0,32,32,0.01,0.0005,False,relu,0.5,mean,753,0.6832,0.0111,6535.0,1.1442,0.0457,0.5561,0.0448,0.548,0.0368,0.6531,0.0468,0.596,0.0413,0.5558,0.0538,tu_base-d=cuda-type=dilated_gnn-dataset=NCI1-layer=gcnconv-edges=False-k1=3-k2=3-h=32-batch_size=32-lr=0.01-weight_decay=0.0005-batchnorm=False-act=relu-dropout=0.5-gpool=mean,
cuda,dilated_gnn,NCI1,gcnconv,False,1.0,2.0,32,32,0.01,0.0005,False,relu,0.5,mean,590,0.6445,0.0122,3365.0,0.8346,0.076,0.6281,0.017,0.623,0.0151,0.648,0.0481,0.6344,0.0286,0.6745,0.024,tu_base-d=cuda-type=dilated_gnn-dataset=NCI1-layer=gcnconv-edges=False-k1=1-k2=2-h=32-batch_size=32-lr=0.01-weight_decay=0.0005-batchnorm=False-act=relu-dropout=0.5-gpool=mean,
cuda,dilated_gnn,NCI1,gcnconv,False,2.0,1.0,32,32,0.01,0.0005,False,relu,0.5,mean,639,0.6568,0.0091,3363.0,0.951,0.0272,0.6154,0.0149,0.6119,0.0167,0.6342,0.0198,0.6225,0.0118,0.6523,0.0224,tu_base-d=cuda-type=dilated_gnn-dataset=NCI1-layer=gcnconv-edges=False-k1=2-k2=1-h=32-batch_size=32-lr=0.01-weight_decay=0.0005-batchnorm=False-act=relu-dropout=0.5-gpool=mean,
cuda,dilated_gnn,NCI1,gcnconv,False,1.0,1.0,32,32,0.01,0.0005,False,relu,0.5,mean,977,0.633,0.0025,2307.0,0.7668,0.0303,0.6513,0.0023,0.6456,0.003,0.674,0.0002,0.6595,0.0016,0.6967,0.005,tu_base-d=cuda-type=dilated_gnn-dataset=NCI1-layer=gcnconv-edges=False-k1=1-k2=1-h=32-batch_size=32-lr=0.01-weight_decay=0.0005-batchnorm=False-act=relu-dropout=0.5-gpool=mean,
cuda,dilated_gnn,NCI1,gcnconv,False,3.0,2.0,32,32,0.01,0.0005,False,relu,0.5,mean,506,0.6909,0.0036,5477.0,1.3608,0.0531,0.5221,0.022,0.5197,0.0198,0.5384,0.185,0.5127,0.106,0.5259,0.0314,tu_base-d=cuda-type=dilated_gnn-dataset=NCI1-layer=gcnconv-edges=False-k1=3-k2=2-h=32-batch_size=32-lr=0.01-weight_decay=0.0005-batchnorm=False-act=relu-dropout=0.5-gpool=mean,
cuda,dilated_gnn,NCI1,gcnconv,False,2.0,3.0,32,32,0.01,0.0005,False,relu,0.5,mean,636,0.6498,0.0066,5479.0,1.2965,0.1382,0.6232,0.0118,0.6231,0.012,0.6207,0.0189,0.6218,0.0146,0.6658,0.0129,tu_base-d=cuda-type=dilated_gnn-dataset=NCI1-layer=gcnconv-edges=False-k1=2-k2=3-h=32-batch_size=32-lr=0.01-weight_decay=0.0005-batchnorm=False-act=relu-dropout=0.5-gpool=mean,
cuda,dilated_gnn,NCI1,gcnconv,False,2.0,2.0,32,32,0.01,0.0005,False,relu,0.5,mean,780,0.6421,0.0031,4421.0,1.37,0.1956,0.6297,0.0058,0.6309,0.0045,0.6213,0.0157,0.626,0.0095,0.681,0.0066,tu_base-d=cuda-type=dilated_gnn-dataset=NCI1-layer=gcnconv-edges=False-k1=2-k2=2-h=32-batch_size=32-lr=0.01-weight_decay=0.0005-batchnorm=False-act=relu-dropout=0.5-gpool=mean,
cuda,dilated_gnn,NCI1,gcnconv,False,2.0,1.0,64,32,0.01,0.0005,False,relu,0.0,max_of_concat_layers,751,0.4883,0.0235,10947.0,1.1603,0.1241,0.7699,0.0201,0.7673,0.0208,0.7733,0.0228,0.7702,0.0212,0.8466,0.0189,tu_base-d=cuda-type=dilated_gnn-dataset=NCI1-layer=gcnconv-edges=False-k1=2-k2=1-h=64-batch_size=32-lr=0.01-weight_decay=0.0005-batchnorm=False-act=relu-dropout=0.0-gpool=max_of_concat_layers,
cuda,dilated_gnn,NCI1,gcnconv,False,1.0,1.0,64,32,0.01,0.0005,False,relu,0.0,max_of_concat_layers,990,0.5201,0.0133,6723.0,0.9756,0.0657,0.7514,0.0101,0.7499,0.0087,0.7546,0.0182,0.7522,0.0125,0.823,0.0114,tu_base-d=cuda-type=dilated_gnn-dataset=NCI1-layer=gcnconv-edges=False-k1=1-k2=1-h=64-batch_size=32-lr=0.01-weight_decay=0.0005-batchnorm=False-act=relu-dropout=0.0-gpool=max_of_concat_layers,
cuda,dilated_gnn,NCI1,gcnconv,False,2.0,2.0,64,32,0.01,0.0005,False,relu,0.0,max_of_concat_layers,986,0.4958,0.0138,15173.0,1.3604,0.223,0.7609,0.0111,0.7609,0.0128,0.7609,0.0151,0.7608,0.0121,0.84,0.0106,tu_base-d=cuda-type=dilated_gnn-dataset=NCI1-layer=gcnconv-edges=False-k1=2-k2=2-h=64-batch_size=32-lr=0.01-weight_decay=0.0005-batchnorm=False-act=relu-dropout=0.0-gpool=max_of_concat_layers,
cuda,dilated_gnn,NCI1,gcnconv,False,1.0,2.0,64,32,0.01,0.0005,False,relu,0.0,max_of_concat_layers,963,0.4982,0.0139,10949.0,0.9961,0.0515,0.7614,0.0087,0.7603,0.0076,0.7625,0.0102,0.7614,0.0086,0.8388,0.0108,tu_base-d=cuda-type=dilated_gnn-dataset=NCI1-layer=gcnconv-edges=False-k1=1-k2=2-h=64-batch_size=32-lr=0.01-weight_decay=0.0005-batchnorm=False-act=relu-dropout=0.0-gpool=max_of_concat_layers,
cuda,dilated_gnn,NCI1,gcnconv,False,2.0,3.0,64,32,0.01,0.0005,False,relu,0.0,max_of_concat_layers,998,0.4974,0.013,19399.0,1.1901,0.0126,0.7615,0.0083,0.761,0.009,0.7615,0.0112,0.7612,0.0086,0.839,0.0094,tu_base-d=cuda-type=dilated_gnn-dataset=NCI1-layer=gcnconv-edges=False-k1=2-k2=3-h=64-batch_size=32-lr=0.01-weight_decay=0.0005-batchnorm=False-act=relu-dropout=0.0-gpool=max_of_concat_layers,
cuda,dilated_gnn,NCI1,gcnconv,False,3.0,1.0,64,32,0.01,0.0005,False,relu,0.0,max_of_concat_layers,892,0.5001,0.0206,15171.0,1.3555,0.1312,0.7597,0.0164,0.7555,0.0207,0.7668,0.0128,0.761,0.0154,0.8365,0.0159,tu_base-d=cuda-type=dilated_gnn-dataset=NCI1-layer=gcnconv-edges=False-k1=3-k2=1-h=64-batch_size=32-lr=0.01-weight_decay=0.0005-batchnorm=False-act=relu-dropout=0.0-gpool=max_of_concat_layers,
cuda,dilated_gnn,NCI1,gcnconv,False,3.0,2.0,64,32,0.01,0.0005,False,relu,0.0,max_of_concat_layers,827,0.502,0.0121,19397.0,1.3757,0.0816,0.7596,0.0079,0.7624,0.0083,0.7535,0.0127,0.7578,0.0085,0.8355,0.0095,tu_base-d=cuda-type=dilated_gnn-dataset=NCI1-layer=gcnconv-edges=False-k1=3-k2=2-h=64-batch_size=32-lr=0.01-weight_decay=0.0005-batchnorm=False-act=relu-dropout=0.0-gpool=max_of_concat_layers,
cuda,dilated_gnn,NCI1,gcnconv,False,1.0,3.0,64,32,0.01,0.0005,False,relu,0.0,max_of_concat_layers,901,0.5049,0.0127,15175.0,1.2911,0.0747,0.76,0.0067,0.7622,0.0062,0.7549,0.0128,0.7585,0.009,0.8338,0.0091,tu_base-d=cuda-type=dilated_gnn-dataset=NCI1-layer=gcnconv-edges=False-k1=1-k2=3-h=64-batch_size=32-lr=0.01-weight_decay=0.0005-batchnorm=False-act=relu-dropout=0.0-gpool=max_of_concat_layers,
cuda,dilated_gnn,NCI1,gcnconv,False,3.0,3.0,64,32,0.01,0.0005,False,relu,0.0,max_of_concat_layers,700,0.5052,0.0186,23623.0,1.5527,0.1351,0.7529,0.0104,0.7514,0.0116,0.755,0.0125,0.7532,0.0107,0.8327,0.0144,tu_base-d=cuda-type=dilated_gnn-dataset=NCI1-layer=gcnconv-edges=False-k1=3-k2=3-h=64-batch_size=32-lr=0.01-weight_decay=0.0005-batchnorm=False-act=relu-dropout=0.0-gpool=max_of_concat_layers,
cuda,dilated_gnn,NCI1,gcnconv,False,1.0,2.0,64,32,0.01,0.0005,False,relu,0.0,mean,709,0.5977,0.0137,10821.0,0.8136,0.0238,0.6851,0.0154,0.6791,0.015,0.7005,0.0188,0.6896,0.0163,0.7439,0.0179,tu_base-d=cuda-type=dilated_gnn-dataset=NCI1-layer=gcnconv-edges=False-k1=1-k2=2-h=64-batch_size=32-lr=0.01-weight_decay=0.0005-batchnorm=False-act=relu-dropout=0.0-gpool=mean,
cuda,dilated_gnn,NCI1,gcnconv,False,2.0,3.0,64,32,0.01,0.0005,False,relu,0.0,mean,946,0.6178,0.005,19143.0,0.9838,0.0083,0.6726,0.0065,0.6716,0.0101,0.6719,0.0054,0.6717,0.0077,0.7219,0.008,tu_base-d=cuda-type=dilated_gnn-dataset=NCI1-layer=gcnconv-edges=False-k1=2-k2=3-h=64-batch_size=32-lr=0.01-weight_decay=0.0005-batchnorm=False-act=relu-dropout=0.0-gpool=mean,
cuda,dilated_gnn,NCI1,gcnconv,False,3.0,2.0,64,32,0.01,0.0005,False,relu,0.0,mean,960,0.6127,0.0,19141.0,1.6657,0.0,0.6828,0.0,0.6776,0.0,0.6855,0.0,0.6815,0.0,0.7288,0.0,tu_base-d=cuda-type=dilated_gnn-dataset=NCI1-layer=gcnconv-edges=False-k1=3-k2=2-h=64-batch_size=32-lr=0.01-weight_decay=0.0005-batchnorm=False-act=relu-dropout=0.0-gpool=mean,
cuda,dilated_gnn,NCI1,gcnconv,False,1.0,1.0,64,32,0.01,0.0005,False,relu,0.0,mean,997,0.6073,0.0014,6659.0,0.7128,0.0025,0.6831,0.0049,0.6817,0.0044,0.6904,0.0073,0.6861,0.0058,0.7352,0.004,tu_base-d=cuda-type=dilated_gnn-dataset=NCI1-layer=gcnconv-edges=False-k1=1-k2=1-h=64-batch_size=32-lr=0.01-weight_decay=0.0005-batchnorm=False-act=relu-dropout=0.0-gpool=mean,
cuda,dilated_gnn,NCI1,gcnconv,False,2.0,1.0,64,32,0.01,0.0005,False,relu,0.0,mean,995,0.5975,0.0163,10819.0,0.9575,0.0327,0.6889,0.0189,0.6869,0.0168,0.6925,0.0225,0.6897,0.0195,0.7459,0.0196,tu_base-d=cuda-type=dilated_gnn-dataset=NCI1-layer=gcnconv-edges=False-k1=2-k2=1-h=64-batch_size=32-lr=0.01-weight_decay=0.0005-batchnorm=False-act=relu-dropout=0.0-gpool=mean,
cuda,dilated_gnn,NCI1,gcnconv,False,1.0,3.0,64,32,0.01,0.0005,False,relu,0.0,mean,971,0.6483,0.0,14983.0,1.1367,0.0,0.6429,0.0,0.6419,0.0,0.6535,0.0,0.6477,0.0,0.6825,0.0,tu_base-d=cuda-type=dilated_gnn-dataset=NCI1-layer=gcnconv-edges=False-k1=1-k2=3-h=64-batch_size=32-lr=0.01-weight_decay=0.0005-batchnorm=False-act=relu-dropout=0.0-gpool=mean,
cuda,dilated_gnn,NCI1,gcnconv,False,3.0,1.0,64,32,0.01,0.0005,False,relu,0.0,mean,977,0.6534,0.0408,14979.0,0.9394,0.0193,0.5938,0.0859,0.5894,0.0848,0.6754,0.005,0.6265,0.0508,0.6135,0.1132,tu_base-d=cuda-type=dilated_gnn-dataset=NCI1-layer=gcnconv-edges=False-k1=3-k2=1-h=64-batch_size=32-lr=0.01-weight_decay=0.0005-batchnorm=False-act=relu-dropout=0.0-gpool=mean,
cuda,dilated_gnn,NCI1,gcnconv,False,3.0,3.0,64,32,0.01,0.0005,False,relu,0.0,mean,712,0.6457,0.0342,23303.0,1.3933,0.0297,0.6135,0.0717,0.6103,0.071,0.557,0.1669,0.5764,0.1289,0.6459,0.0984,tu_base-d=cuda-type=dilated_gnn-dataset=NCI1-layer=gcnconv-edges=False-k1=3-k2=3-h=64-batch_size=32-lr=0.01-weight_decay=0.0005-batchnorm=False-act=relu-dropout=0.0-gpool=mean,
cuda,dilated_gnn,NCI1,gcnconv,False,2.0,2.0,64,32,0.01,0.0005,False,relu,0.0,mean,986,0.5934,0.0043,14981.0,1.0448,0.1121,0.6848,0.0046,0.6846,0.0041,0.6872,0.0131,0.6859,0.0066,0.7479,0.0049,tu_base-d=cuda-type=dilated_gnn-dataset=NCI1-layer=gcnconv-edges=False-k1=2-k2=2-h=64-batch_size=32-lr=0.01-weight_decay=0.0005-batchnorm=False-act=relu-dropout=0.0-gpool=mean,
cuda,dilated_gnn,NCI1,gcnconv,False,3.0,1.0,64,32,0.01,0.0005,False,relu,0.5,max_of_concat_layers,514,0.6082,0.0,15171.0,1.3539,0.0,0.6734,0.0,0.678,0.0,0.6632,0.0,0.6706,0.0,0.7281,0.0,tu_base-d=cuda-type=dilated_gnn-dataset=NCI1-layer=gcnconv-edges=False-k1=3-k2=1-h=64-batch_size=32-lr=0.01-weight_decay=0.0005-batchnorm=False-act=relu-dropout=0.5-gpool=max_of_concat_layers,
cuda,dilated_gnn,NCI1,gcnconv,False,2.0,1.0,64,32,0.01,0.0005,False,relu,0.5,max_of_concat_layers,522,0.5982,0.0,10947.0,1.0471,0.0,0.6904,0.0,0.6992,0.0,0.6729,0.0,0.6858,0.0,0.7448,0.0,tu_base-d=cuda-type=dilated_gnn-dataset=NCI1-layer=gcnconv-edges=False-k1=2-k2=1-h=64-batch_size=32-lr=0.01-weight_decay=0.0005-batchnorm=False-act=relu-dropout=0.5-gpool=max_of_concat_layers,
cuda,dilated_gnn,NCI1,gcnconv,False,1.0,1.0,64,32,0.01,0.0005,False,relu,0.5,max_of_concat_layers,616,0.5671,0.0,6723.0,1.282,0.0,0.7147,0.0,0.7096,0.0,0.7294,0.0,0.7193,0.0,0.7794,0.0,tu_base-d=cuda-type=dilated_gnn-dataset=NCI1-layer=gcnconv-edges=False-k1=1-k2=1-h=64-batch_size=32-lr=0.01-weight_decay=0.0005-batchnorm=False-act=relu-dropout=0.5-gpool=max_of_concat_layers,
cuda,dilated_gnn,NCI1,gcnconv,False,1.0,2.0,64,32,0.01,0.0005,False,relu,0.5,max_of_concat_layers,782,0.5895,0.0,10949.0,1.5035,0.0,0.6873,0.0,0.6886,0.0,0.6861,0.0,0.6873,0.0,0.754,0.0,tu_base-d=cuda-type=dilated_gnn-dataset=NCI1-layer=gcnconv-edges=False-k1=1-k2=2-h=64-batch_size=32-lr=0.01-weight_decay=0.0005-batchnorm=False-act=relu-dropout=0.5-gpool=max_of_concat_layers,
cuda,dilated_gnn,NCI1,gcnconv,False,2.0,2.0,64,32,0.01,0.0005,False,relu,0.5,max_of_concat_layers,920,0.595,0.0,15173.0,1.7793,0.0,0.6849,0.0,0.693,0.0,0.6618,0.0,0.6771,0.0,0.7462,0.0,tu_base-d=cuda-type=dilated_gnn-dataset=NCI1-layer=gcnconv-edges=False-k1=2-k2=2-h=64-batch_size=32-lr=0.01-weight_decay=0.0005-batchnorm=False-act=relu-dropout=0.5-gpool=max_of_concat_layers,
cuda,dilated_gnn,NCI1,gcnconv,False,2.0,3.0,64,32,0.01,0.0005,False,relu,0.5,max_of_concat_layers,773,0.5965,0.0027,19399.0,1.5265,0.0075,0.6844,0.0013,0.6928,0.0018,0.6631,0.0019,0.6776,0.0001,0.7432,0.0035,tu_base-d=cuda-type=dilated_gnn-dataset=NCI1-layer=gcnconv-edges=False-k1=2-k2=3-h=64-batch_size=32-lr=0.01-weight_decay=0.0005-batchnorm=False-act=relu-dropout=0.5-gpool=max_of_concat_layers,
cuda,dilated_gnn,NCI1,gcnconv,False,3.0,2.0,64,32,0.01,0.0005,False,relu,0.5,max_of_concat_layers,813,0.599,0.0052,19397.0,1.4655,0.0031,0.6834,0.0003,0.6839,0.0012,0.6788,0.0062,0.6813,0.0037,0.7424,0.0066,tu_base-d=cuda-type=dilated_gnn-dataset=NCI1-layer=gcnconv-edges=False-k1=3-k2=2-h=64-batch_size=32-lr=0.01-weight_decay=0.0005-batchnorm=False-act=relu-dropout=0.5-gpool=max_of_concat_layers,
cuda,dilated_gnn,NCI1,gcnconv,False,3.0,3.0,64,32,0.01,0.0005,False,relu,0.5,max_of_concat_layers,658,0.6024,0.0084,23623.0,2.2024,0.0894,0.6752,0.0081,0.6786,0.0082,0.6657,0.0138,0.672,0.0096,0.7368,0.0104,tu_base-d=cuda-type=dilated_gnn-dataset=NCI1-layer=gcnconv-edges=False-k1=3-k2=3-h=64-batch_size=32-lr=0.01-weight_decay=0.0005-batchnorm=False-act=relu-dropout=0.5-gpool=max_of_concat_layers,
cuda,dilated_gnn,NCI1,gcnconv,False,1.0,3.0,64,32,0.01,0.0005,False,relu,0.5,max_of_concat_layers,524,0.5907,0.0,15175.0,1.7697,0.0,0.6946,0.0,0.6964,0.0,0.6922,0.0,0.6943,0.0,0.752,0.0,tu_base-d=cuda-type=dilated_gnn-dataset=NCI1-layer=gcnconv-edges=False-k1=1-k2=3-h=64-batch_size=32-lr=0.01-weight_decay=0.0005-batchnorm=False-act=relu-dropout=0.5-gpool=max_of_concat_layers,
cuda,dilated_gnn,NCI1,gcnconv,False,1.0,3.0,64,32,0.01,0.0005,False,relu,0.5,mean,994,0.664,0.0,14983.0,1.6548,0.0,0.6074,0.0,0.5948,0.0,0.6858,0.0,0.6371,0.0,0.6428,0.0,tu_base-d=cuda-type=dilated_gnn-dataset=NCI1-layer=gcnconv-edges=False-k1=1-k2=3-h=64-batch_size=32-lr=0.01-weight_decay=0.0005-batchnorm=False-act=relu-dropout=0.5-gpool=mean,
cuda,dilated_gnn,NCI1,gcnconv,False,1.0,1.0,64,32,0.01,0.0005,False,relu,0.5,mean,396,0.64,0.0042,6659.0,0.9024,0.0667,0.6429,0.0055,0.6356,0.0063,0.6683,0.0186,0.6514,0.0097,0.6846,0.0068,tu_base-d=cuda-type=dilated_gnn-dataset=NCI1-layer=gcnconv-edges=False-k1=1-k2=1-h=64-batch_size=32-lr=0.01-weight_decay=0.0005-batchnorm=False-act=relu-dropout=0.5-gpool=mean,
cuda,dilated_gnn,NCI1,gcnconv,False,2.0,3.0,64,32,0.01,0.0005,False,relu,0.5,mean,930,0.6351,0.0,19143.0,1.2689,0.0,0.6463,0.0,0.6451,0.0,0.658,0.0,0.6515,0.0,0.6926,0.0,tu_base-d=cuda-type=dilated_gnn-dataset=NCI1-layer=gcnconv-edges=False-k1=2-k2=3-h=64-batch_size=32-lr=0.01-weight_decay=0.0005-batchnorm=False-act=relu-dropout=0.5-gpool=mean,
cuda,dilated_gnn,NCI1,gcnconv,False,2.0,2.0,64,32,0.01,0.0005,False,relu,0.5,mean,897,0.639,0.0,14981.0,1.4366,0.0,0.6502,0.0,0.653,0.0,0.6475,0.0,0.6502,0.0,0.6909,0.0,tu_base-d=cuda-type=dilated_gnn-dataset=NCI1-layer=gcnconv-edges=False-k1=2-k2=2-h=64-batch_size=32-lr=0.01-weight_decay=0.0005-batchnorm=False-act=relu-dropout=0.5-gpool=mean,
cuda,dilated_gnn,NCI1,gcnconv,False,3.0,1.0,64,32,0.01,0.0005,False,relu,0.5,mean,844,0.6489,0.0,14979.0,1.1439,0.0,0.6241,0.0,0.6202,0.0,0.645,0.0,0.6324,0.0,0.6674,0.0,tu_base-d=cuda-type=dilated_gnn-dataset=NCI1-layer=gcnconv-edges=False-k1=3-k2=1-h=64-batch_size=32-lr=0.01-weight_decay=0.0005-batchnorm=False-act=relu-dropout=0.5-gpool=mean,
cuda,dilated_gnn,NCI1,gcnconv,False,3.0,2.0,64,32,0.01,0.0005,False,relu,0.5,mean,846,0.6891,0.0066,19141.0,1.7379,0.083,0.5345,0.0294,0.5294,0.026,0.6554,0.084,0.5829,0.0361,0.5359,0.037,tu_base-d=cuda-type=dilated_gnn-dataset=NCI1-layer=gcnconv-edges=False-k1=3-k2=2-h=64-batch_size=32-lr=0.01-weight_decay=0.0005-batchnorm=False-act=relu-dropout=0.5-gpool=mean,
cuda,dilated_gnn,NCI1,gcnconv,False,3.0,3.0,64,32,0.01,0.0005,False,relu,0.5,mean,887,0.6774,0.0,23303.0,1.5077,0.0,0.5818,0.0,0.5704,0.0,0.6569,0.0,0.6106,0.0,0.592,0.0,tu_base-d=cuda-type=dilated_gnn-dataset=NCI1-layer=gcnconv-edges=False-k1=3-k2=3-h=64-batch_size=32-lr=0.01-weight_decay=0.0005-batchnorm=False-act=relu-dropout=0.5-gpool=mean,
cuda,dilated_gnn,NCI1,gcnconv,False,2.0,1.0,64,32,0.01,0.0005,False,relu,0.5,mean,966,0.6613,0.0046,10819.0,0.9926,0.0278,0.61,0.0013,0.6074,0.0015,0.611,0.031,0.6088,0.0147,0.644,0.0095,tu_base-d=cuda-type=dilated_gnn-dataset=NCI1-layer=gcnconv-edges=False-k1=2-k2=1-h=64-batch_size=32-lr=0.01-weight_decay=0.0005-batchnorm=False-act=relu-dropout=0.5-gpool=mean,
cuda,dilated_gnn,NCI1,gcnconv,False,1.0,2.0,64,32,0.01,0.0005,False,relu,0.5,mean,986,0.638,0.0037,10821.0,1.2659,0.3407,0.6408,0.0034,0.6364,0.0033,0.6561,0.012,0.646,0.0047,0.6883,0.0067,tu_base-d=cuda-type=dilated_gnn-dataset=NCI1-layer=gcnconv-edges=False-k1=1-k2=2-h=64-batch_size=32-lr=0.01-weight_decay=0.0005-batchnorm=False-act=relu-dropout=0.5-gpool=mean,
cuda,dilated_gnn,PROTEINS,gcnconv,False,3.0,3.0,32,32,0.01,0.0005,False,relu,0.0,max_of_concat_layers,883,0.4558,0.0137,5639.0,0.5641,0.028,0.7931,0.0068,0.7541,0.012,0.7141,0.0279,0.7332,0.013,0.8586,0.0096,tu_base-d=cuda-type=dilated_gnn-dataset=PROTEINS-layer=gcnconv-edges=False-k1=3-k2=3-h=32-batch_size=32-lr=0.01-weight_decay=0.0005-batchnorm=False-act=relu-dropout=0.0-gpool=max_of_concat_layers,
cuda,dilated_gnn,PROTEINS,gcnconv,False,1.0,1.0,32,32,0.01,0.0005,False,relu,0.0,max_of_concat_layers,899,0.4452,0.0054,1283.0,0.3528,0.0027,0.8002,0.0056,0.7652,0.0058,0.7059,0.0096,0.7344,0.0078,0.865,0.0034,tu_base-d=cuda-type=dilated_gnn-dataset=PROTEINS-layer=gcnconv-edges=False-k1=1-k2=1-h=32-batch_size=32-lr=0.01-weight_decay=0.0005-batchnorm=False-act=relu-dropout=0.0-gpool=max_of_concat_layers,
cuda,dilated_gnn,PROTEINS,gcnconv,False,2.0,1.0,32,32,0.01,0.0005,False,relu,0.0,max_of_concat_layers,998,0.4084,0.0,2371.0,0.4452,0.0,0.835,0.0,0.8164,0.0,0.779,0.0,0.7972,0.0,0.8939,0.0,tu_base-d=cuda-type=dilated_gnn-dataset=PROTEINS-layer=gcnconv-edges=False-k1=2-k2=1-h=32-batch_size=32-lr=0.01-weight_decay=0.0005-batchnorm=False-act=relu-dropout=0.0-gpool=max_of_concat_layers,
cuda,dilated_gnn,PROTEINS,gcnconv,False,2.0,3.0,32,32,0.01,0.0005,False,relu,0.0,max_of_concat_layers,753,0.454,0.0074,4551.0,0.669,0.017,0.7968,0.0056,0.7588,0.007,0.73,0.0235,0.7438,0.009,0.8613,0.0059,tu_base-d=cuda-type=dilated_gnn-dataset=PROTEINS-layer=gcnconv-edges=False-k1=2-k2=3-h=32-batch_size=32-lr=0.01-weight_decay=0.0005-batchnorm=False-act=relu-dropout=0.0-gpool=max_of_concat_layers,
cuda,dilated_gnn,PROTEINS,gcnconv,False,2.0,2.0,32,32,0.01,0.0005,False,relu,0.0,max_of_concat_layers,892,0.4246,0.0243,3461.0,0.7445,0.1136,0.8148,0.009,0.7766,0.0027,0.7549,0.0266,0.7654,0.015,0.8802,0.0152,tu_base-d=cuda-type=dilated_gnn-dataset=PROTEINS-layer=gcnconv-edges=False-k1=2-k2=2-h=32-batch_size=32-lr=0.01-weight_decay=0.0005-batchnorm=False-act=relu-dropout=0.0-gpool=max_of_concat_layers,
cuda,dilated_gnn,PROTEINS,gcnconv,False,1.0,3.0,32,32,0.01,0.0005,False,relu,0.0,max_of_concat_layers,840,0.4467,0.0135,3463.0,0.452,0.0008,0.7986,0.0096,0.7734,0.006,0.707,0.045,0.7381,0.0273,0.865,0.0119,tu_base-d=cuda-type=dilated_gnn-dataset=PROTEINS-layer=gcnconv-edges=False-k1=1-k2=3-h=32-batch_size=32-lr=0.01-weight_decay=0.0005-batchnorm=False-act=relu-dropout=0.0-gpool=max_of_concat_layers,
cuda,dilated_gnn,PROTEINS,gcnconv,False,3.0,1.0,32,32,0.01,0.0005,False,relu,0.0,max_of_concat_layers,820,0.4648,0.0,3459.0,0.5206,0.0,0.798,0.0,0.7642,0.0,0.7171,0.0,0.7399,0.0,0.8508,0.0,tu_base-d=cuda-type=dilated_gnn-dataset=PROTEINS-layer=gcnconv-edges=False-k1=3-k2=1-h=32-batch_size=32-lr=0.01-weight_decay=0.0005-batchnorm=False-act=relu-dropout=0.0-gpool=max_of_concat_layers,
cuda,dilated_gnn,PROTEINS,gcnconv,False,3.0,2.0,32,32,0.01,0.0005,False,relu,0.0,max_of_concat_layers,991,0.45,0.0,4549.0,0.5044,0.0,0.7991,0.0,0.7816,0.0,0.6919,0.0,0.734,0.0,0.8651,0.0,tu_base-d=cuda-type=dilated_gnn-dataset=PROTEINS-layer=gcnconv-edges=False-k1=3-k2=2-h=32-batch_size=32-lr=0.01-weight_decay=0.0005-batchnorm=False-act=relu-dropout=0.0-gpool=max_of_concat_layers,
cuda,dilated_gnn,PROTEINS,gcnconv,False,1.0,2.0,32,32,0.01,0.0005,False,relu,0.0,max_of_concat_layers,957,0.4282,0.0,2373.0,0.4332,0.0,0.8182,0.0,0.7913,0.0,0.7278,0.0,0.7582,0.0,0.8771,0.0,tu_base-d=cuda-type=dilated_gnn-dataset=PROTEINS-layer=gcnconv-edges=False-k1=1-k2=2-h=32-batch_size=32-lr=0.01-weight_decay=0.0005-batchnorm=False-act=relu-dropout=0.0-gpool=max_of_concat_layers,
cuda,dilated_gnn,PROTEINS,gcnconv,False,1.0,2.0,32,32,0.01,0.0005,False,relu,0.0,mean,858,0.5032,0.0185,2309.0,0.4559,0.0256,0.7674,0.013,0.7407,0.0151,0.6517,0.0268,0.6933,0.0214,0.8217,0.0171,tu_base-d=cuda-type=dilated_gnn-dataset=PROTEINS-layer=gcnconv-edges=False-k1=1-k2=2-h=32-batch_size=32-lr=0.01-weight_decay=0.0005-batchnorm=False-act=relu-dropout=0.0-gpool=mean,
cuda,dilated_gnn,PROTEINS,gcnconv,False,3.0,2.0,32,32,0.01,0.0005,False,relu,0.0,mean,1,0.6767,0.0038,4421.0,0.4787,0.0396,0.5973,0.0091,0.0,0.0,0.0,0.0,0.0,0.0,0.4908,0.0153,tu_base-d=cuda-type=dilated_gnn-dataset=PROTEINS-layer=gcnconv-edges=False-k1=3-k2=2-h=32-batch_size=32-lr=0.01-weight_decay=0.0005-batchnorm=False-act=relu-dropout=0.0-gpool=mean,
cuda,dilated_gnn,PROTEINS,gcnconv,False,2.0,2.0,32,32,0.01,0.0005,False,relu,0.0,mean,891,0.5304,0.0151,3365.0,0.5051,0.0538,0.7536,0.0164,0.7255,0.011,0.6226,0.0493,0.669,0.0274,0.7981,0.0099,tu_base-d=cuda-type=dilated_gnn-dataset=PROTEINS-layer=gcnconv-edges=False-k1=2-k2=2-h=32-batch_size=32-lr=0.01-weight_decay=0.0005-batchnorm=False-act=relu-dropout=0.0-gpool=mean,
cuda,dilated_gnn,PROTEINS,gcnconv,False,1.0,3.0,32,32,0.01,0.0005,False,relu,0.0,mean,803,0.5409,0.0417,3367.0,0.4366,0.0182,0.7428,0.0279,0.7195,0.0247,0.5851,0.0699,0.644,0.052,0.7835,0.0418,tu_base-d=cuda-type=dilated_gnn-dataset=PROTEINS-layer=gcnconv-edges=False-k1=1-k2=3-h=32-batch_size=32-lr=0.01-weight_decay=0.0005-batchnorm=False-act=relu-dropout=0.0-gpool=mean,
cuda,dilated_gnn,PROTEINS,gcnconv,False,3.0,3.0,32,32,0.01,0.0005,False,relu,0.0,mean,1,0.6772,0.0043,5479.0,0.5888,0.0489,0.5973,0.0091,0.0,0.0,0.0,0.0,0.0,0.0,0.4866,0.0185,tu_base-d=cuda-type=dilated_gnn-dataset=PROTEINS-layer=gcnconv-edges=False-k1=3-k2=3-h=32-batch_size=32-lr=0.01-weight_decay=0.0005-batchnorm=False-act=relu-dropout=0.0-gpool=mean,
cuda,dilated_gnn,PROTEINS,gcnconv,False,2.0,3.0,32,32,0.01,0.0005,False,relu,0.0,mean,847,0.5394,0.0213,4423.0,0.5552,0.0463,0.7503,0.0185,0.7093,0.0121,0.6481,0.041,0.6769,0.0279,0.7875,0.0182,tu_base-d=cuda-type=dilated_gnn-dataset=PROTEINS-layer=gcnconv-edges=False-k1=2-k2=3-h=32-batch_size=32-lr=0.01-weight_decay=0.0005-batchnorm=False-act=relu-dropout=0.0-gpool=mean,
cuda,dilated_gnn,PROTEINS,gcnconv,False,2.0,1.0,32,32,0.01,0.0005,False,relu,0.0,mean,889,0.5874,0.0,2307.0,0.4154,0.0,0.7407,0.0,0.6993,0.0,0.5931,0.0,0.6419,0.0,0.7321,0.0,tu_base-d=cuda-type=dilated_gnn-dataset=PROTEINS-layer=gcnconv-edges=False-k1=2-k2=1-h=32-batch_size=32-lr=0.01-weight_decay=0.0005-batchnorm=False-act=relu-dropout=0.0-gpool=mean,
cuda,dilated_gnn,PROTEINS,gcnconv,False,3.0,1.0,32,32,0.01,0.0005,False,relu,0.0,mean,364,0.5848,0.0115,3363.0,0.3848,0.0094,0.7274,0.0068,0.6992,0.0099,0.5667,0.0197,0.6258,0.0137,0.7302,0.012,tu_base-d=cuda-type=dilated_gnn-dataset=PROTEINS-layer=gcnconv-edges=False-k1=3-k2=1-h=32-batch_size=32-lr=0.01-weight_decay=0.0005-batchnorm=False-act=relu-dropout=0.0-gpool=mean,
cuda,dilated_gnn,PROTEINS,gcnconv,False,1.0,1.0,32,32,0.01,0.0005,False,relu,0.0,mean,967,0.5519,0.0074,1251.0,0.418,0.0541,0.7407,0.0085,0.6913,0.0154,0.6336,0.0224,0.661,0.0171,0.7752,0.0085,tu_base-d=cuda-type=dilated_gnn-dataset=PROTEINS-layer=gcnconv-edges=False-k1=1-k2=1-h=32-batch_size=32-lr=0.01-weight_decay=0.0005-batchnorm=False-act=relu-dropout=0.0-gpool=mean,
cuda,dilated_gnn,PROTEINS,gcnconv,False,3.0,3.0,32,32,0.01,0.0005,False,relu,0.5,max_of_concat_layers,732,0.5086,0.0,5639.0,0.7214,0.0,0.771,0.0,0.74,0.0,0.6379,0.0,0.6852,0.0,0.8107,0.0,tu_base-d=cuda-type=dilated_gnn-dataset=PROTEINS-layer=gcnconv-edges=False-k1=3-k2=3-h=32-batch_size=32-lr=0.01-weight_decay=0.0005-batchnorm=False-act=relu-dropout=0.5-gpool=max_of_concat_layers,
cuda,dilated_gnn,PROTEINS,gcnconv,False,2.0,2.0,32,32,0.01,0.0005,False,relu,0.5,max_of_concat_layers,731,0.5207,0.0,3461.0,0.6835,0.0,0.7508,0.0,0.7022,0.0,0.6946,0.0,0.6984,0.0,0.8098,0.0,tu_base-d=cuda-type=dilated_gnn-dataset=PROTEINS-layer=gcnconv-edges=False-k1=2-k2=2-h=32-batch_size=32-lr=0.01-weight_decay=0.0005-batchnorm=False-act=relu-dropout=0.5-gpool=max_of_concat_layers,
cuda,dilated_gnn,PROTEINS,gcnconv,False,1.0,1.0,32,32,0.01,0.0005,False,relu,0.5,max_of_concat_layers,910,0.481,0.0,1283.0,0.4633,0.0,0.771,0.0,0.7347,0.0,0.6904,0.0,0.7119,0.0,0.8425,0.0,tu_base-d=cuda-type=dilated_gnn-dataset=PROTEINS-layer=gcnconv-edges=False-k1=1-k2=1-h=32-batch_size=32-lr=0.01-weight_decay=0.0005-batchnorm=False-act=relu-dropout=0.5-gpool=max_of_concat_layers,
cuda,dilated_gnn,PROTEINS,gcnconv,False,1.0,3.0,32,32,0.01,0.0005,False,relu,0.5,max_of_concat_layers,939,0.5011,0.0152,3463.0,0.6849,0.0006,0.7649,0.0174,0.7388,0.0182,0.648,0.0243,0.6904,0.0218,0.8234,0.0116,tu_base-d=cuda-type=dilated_gnn-dataset=PROTEINS-layer=gcnconv-edges=False-k1=1-k2=3-h=32-batch_size=32-lr=0.01-weight_decay=0.0005-batchnorm=False-act=relu-dropout=0.5-gpool=max_of_concat_layers,
cuda,dilated_gnn,PROTEINS,gcnconv,False,3.0,1.0,32,32,0.01,0.0005,False,relu,0.5,max_of_concat_layers,719,0.5316,0.0091,3459.0,0.6321,0.0421,0.7449,0.0093,0.7088,0.0151,0.6099,0.022,0.6553,0.0143,0.7943,0.0096,tu_base-d=cuda-type=dilated_gnn-dataset=PROTEINS-layer=gcnconv-edges=False-k1=3-k2=1-h=32-batch_size=32-lr=0.01-weight_decay=0.0005-batchnorm=False-act=relu-dropout=0.5-gpool=max_of_concat_layers,
cuda,dilated_gnn,PROTEINS,gcnconv,False,1.0,2.0,32,32,0.01,0.0005,False,relu,0.5,max_of_concat_layers,910,0.5004,0.008,2373.0,0.5361,0.0242,0.764,0.0045,0.733,0.0104,0.6428,0.0191,0.6848,0.0126,0.8248,0.0074,tu_base-d=cuda-type=dilated_gnn-dataset=PROTEINS-layer=gcnconv-edges=False-k1=1-k2=2-h=32-batch_size=32-lr=0.01-weight_decay=0.0005-batchnorm=False-act=relu-dropout=0.5-gpool=max_of_concat_layers,
cuda,dilated_gnn,PROTEINS,gcnconv,False,3.0,2.0,32,32,0.01,0.0005,False,relu,0.5,max_of_concat_layers,767,0.5151,0.0,4549.0,0.6136,0.0,0.7643,0.0,0.7447,0.0,0.6034,0.0,0.6667,0.0,0.8061,0.0,tu_base-d=cuda-type=dilated_gnn-dataset=PROTEINS-layer=gcnconv-edges=False-k1=3-k2=2-h=32-batch_size=32-lr=0.01-weight_decay=0.0005-batchnorm=False-act=relu-dropout=0.5-gpool=max_of_concat_layers,
cuda,dilated_gnn,PROTEINS,gcnconv,False,2.0,3.0,32,32,0.01,0.0005,False,relu,0.5,max_of_concat_layers,988,0.5024,0.0,4551.0,0.7044,0.0,0.7744,0.0,0.741,0.0,0.6494,0.0,0.6922,0.0,0.8185,0.0,tu_base-d=cuda-type=dilated_gnn-dataset=PROTEINS-layer=gcnconv-edges=False-k1=2-k2=3-h=32-batch_size=32-lr=0.01-weight_decay=0.0005-batchnorm=False-act=relu-dropout=0.5-gpool=max_of_concat_layers,
cuda,dilated_gnn,PROTEINS,gcnconv,False,2.0,1.0,32,32,0.01,0.0005,False,relu,0.5,max_of_concat_layers,885,0.5226,0.0103,2371.0,0.6186,0.0413,0.7497,0.0136,0.721,0.0218,0.6055,0.0197,0.6578,0.0133,0.8029,0.0081,tu_base-d=cuda-type=dilated_gnn-dataset=PROTEINS-layer=gcnconv-edges=False-k1=2-k2=1-h=32-batch_size=32-lr=0.01-weight_decay=0.0005-batchnorm=False-act=relu-dropout=0.5-gpool=max_of_concat_layers,
cuda,dilated_gnn,PROTEINS,gcnconv,False,1.0,1.0,32,32,0.01,0.0005,False,relu,0.5,mean,875,0.5758,0.0024,1251.0,0.4928,0.031,0.7347,0.005,0.7057,0.0045,0.5613,0.035,0.6247,0.0208,0.7476,0.0023,tu_base-d=cuda-type=dilated_gnn-dataset=PROTEINS-layer=gcnconv-edges=False-k1=1-k2=1-h=32-batch_size=32-lr=0.01-weight_decay=0.0005-batchnorm=False-act=relu-dropout=0.5-gpool=mean,
cuda,dilated_gnn,PROTEINS,gcnconv,False,3.0,2.0,32,32,0.01,0.0005,False,relu,0.5,mean,992,0.5651,0.0,4421.0,0.6827,0.0,0.7363,0.0,0.6996,0.0,0.569,0.0,0.6276,0.0,0.752,0.0,tu_base-d=cuda-type=dilated_gnn-dataset=PROTEINS-layer=gcnconv-edges=False-k1=3-k2=2-h=32-batch_size=32-lr=0.01-weight_decay=0.0005-batchnorm=False-act=relu-dropout=0.5-gpool=mean,
cuda,dilated_gnn,PROTEINS,gcnconv,False,2.0,2.0,32,32,0.01,0.0005,False,relu,0.5,mean,598,0.5648,0.0125,3365.0,0.4042,0.0103,0.7233,0.0126,0.7165,0.023,0.5201,0.0354,0.6019,0.0265,0.7676,0.0141,tu_base-d=cuda-type=dilated_gnn-dataset=PROTEINS-layer=gcnconv-edges=False-k1=2-k2=2-h=32-batch_size=32-lr=0.01-weight_decay=0.0005-batchnorm=False-act=relu-dropout=0.5-gpool=mean,
cuda,dilated_gnn,PROTEINS,gcnconv,False,2.0,1.0,32,32,0.01,0.0005,False,relu,0.5,mean,932,0.5619,0.0,2307.0,0.6115,0.0,0.7363,0.0,0.7905,0.0,0.465,0.0,0.5855,0.0,0.7629,0.0,tu_base-d=cuda-type=dilated_gnn-dataset=PROTEINS-layer=gcnconv-edges=False-k1=2-k2=1-h=32-batch_size=32-lr=0.01-weight_decay=0.0005-batchnorm=False-act=relu-dropout=0.5-gpool=mean,
cuda,dilated_gnn,PROTEINS,gcnconv,False,1.0,3.0,32,32,0.01,0.0005,False,relu,0.5,mean,992,0.5332,0.0164,3367.0,0.4817,0.0163,0.7423,0.0151,0.7221,0.0199,0.5837,0.0277,0.6451,0.0197,0.7973,0.0135,tu_base-d=cuda-type=dilated_gnn-dataset=PROTEINS-layer=gcnconv-edges=False-k1=1-k2=3-h=32-batch_size=32-lr=0.01-weight_decay=0.0005-batchnorm=False-act=relu-dropout=0.5-gpool=mean,
cuda,dilated_gnn,PROTEINS,gcnconv,False,3.0,1.0,32,32,0.01,0.0005,False,relu,0.5,mean,522,0.5726,0.0,3363.0,0.5325,0.0,0.7318,0.0,0.7234,0.0,0.5589,0.0,0.6306,0.0,0.7462,0.0,tu_base-d=cuda-type=dilated_gnn-dataset=PROTEINS-layer=gcnconv-edges=False-k1=3-k2=1-h=32-batch_size=32-lr=0.01-weight_decay=0.0005-batchnorm=False-act=relu-dropout=0.5-gpool=mean,
cuda,dilated_gnn,PROTEINS,gcnconv,False,2.0,3.0,32,32,0.01,0.0005,False,relu,0.5,mean,867,0.5702,0.0029,4423.0,0.4639,0.005,0.7071,0.0046,0.6843,0.0262,0.4946,0.0245,0.5731,0.0079,0.7542,0.0019,tu_base-d=cuda-type=dilated_gnn-dataset=PROTEINS-layer=gcnconv-edges=False-k1=2-k2=3-h=32-batch_size=32-lr=0.01-weight_decay=0.0005-batchnorm=False-act=relu-dropout=0.5-gpool=mean,
cuda,dilated_gnn,PROTEINS,gcnconv,False,3.0,3.0,32,32,0.01,0.0005,False,relu,0.5,mean,848,0.5733,0.0,5479.0,0.5257,0.0,0.7138,0.0,0.7024,0.0,0.4958,0.0,0.5813,0.0,0.7514,0.0,tu_base-d=cuda-type=dilated_gnn-dataset=PROTEINS-layer=gcnconv-edges=False-k1=3-k2=3-h=32-batch_size=32-lr=0.01-weight_decay=0.0005-batchnorm=False-act=relu-dropout=0.5-gpool=mean,
cuda,dilated_gnn,PROTEINS,gcnconv,False,1.0,2.0,32,32,0.01,0.0005,False,relu,0.5,mean,806,0.5451,0.0111,2309.0,0.5615,0.0539,0.7348,0.0112,0.7233,0.0101,0.5477,0.0219,0.6232,0.0158,0.7867,0.0113,tu_base-d=cuda-type=dilated_gnn-dataset=PROTEINS-layer=gcnconv-edges=False-k1=1-k2=2-h=32-batch_size=32-lr=0.01-weight_decay=0.0005-batchnorm=False-act=relu-dropout=0.5-gpool=mean,
cuda,dilated_gnn,PROTEINS,gcnconv,False,1.0,3.0,64,32,0.01,0.0005,False,relu,0.0,max_of_concat_layers,984,0.4384,0.0258,13063.0,0.5659,0.0054,0.8039,0.0134,0.7706,0.021,0.7319,0.0228,0.7506,0.0193,0.8721,0.0166,tu_base-d=cuda-type=dilated_gnn-dataset=PROTEINS-layer=gcnconv-edges=False-k1=1-k2=3-h=64-batch_size=32-lr=0.01-weight_decay=0.0005-batchnorm=False-act=relu-dropout=0.0-gpool=max_of_concat_layers,
cuda,dilated_gnn,PROTEINS,gcnconv,False,1.0,1.0,64,32,0.01,0.0005,False,relu,0.0,max_of_concat_layers,991,0.4591,0.0,4611.0,0.4099,0.0,0.7946,0.0,0.7736,0.0,0.6891,0.0,0.7289,0.0,0.8567,0.0,tu_base-d=cuda-type=dilated_gnn-dataset=PROTEINS-layer=gcnconv-edges=False-k1=1-k2=1-h=64-batch_size=32-lr=0.01-weight_decay=0.0005-batchnorm=False-act=relu-dropout=0.0-gpool=max_of_concat_layers,
cuda,dilated_gnn,PROTEINS,gcnconv,False,1.0,2.0,64,32,0.01,0.0005,False,relu,0.0,max_of_concat_layers,867,0.4334,0.014,8837.0,0.5674,0.0125,0.8069,0.0117,0.7814,0.0041,0.7238,0.0277,0.7513,0.0169,0.8753,0.0074,tu_base-d=cuda-type=dilated_gnn-dataset=PROTEINS-layer=gcnconv-edges=False-k1=1-k2=2-h=64-batch_size=32-lr=0.01-weight_decay=0.0005-batchnorm=False-act=relu-dropout=0.0-gpool=max_of_concat_layers,
cuda,dilated_gnn,PROTEINS,gcnconv,False,3.0,1.0,64,32,0.01,0.0005,False,relu,0.0,max_of_concat_layers,926,0.4094,0.0183,13059.0,0.5226,0.0109,0.8156,0.0101,0.7821,0.0087,0.751,0.0156,0.7662,0.0123,0.8898,0.0102,tu_base-d=cuda-type=dilated_gnn-dataset=PROTEINS-layer=gcnconv-edges=False-k1=3-k2=1-h=64-batch_size=32-lr=0.01-weight_decay=0.0005-batchnorm=False-act=relu-dropout=0.0-gpool=max_of_concat_layers,
cuda,dilated_gnn,PROTEINS,gcnconv,False,2.0,2.0,64,32,0.01,0.0005,False,relu,0.0,max_of_concat_layers,979,0.4406,0.0078,13061.0,0.7176,0.1127,0.8064,0.0039,0.7886,0.0,0.73,0.0139,0.7582,0.0074,0.8725,0.0054,tu_base-d=cuda-type=dilated_gnn-dataset=PROTEINS-layer=gcnconv-edges=False-k1=2-k2=2-h=64-batch_size=32-lr=0.01-weight_decay=0.0005-batchnorm=False-act=relu-dropout=0.0-gpool=max_of_concat_layers,
cuda,dilated_gnn,PROTEINS,gcnconv,False,2.0,1.0,64,32,0.01,0.0005,False,relu,0.0,max_of_concat_layers,970,0.4255,0.0202,8835.0,0.4397,0.0136,0.8144,0.0083,0.7941,0.0209,0.742,0.0166,0.7667,0.0031,0.8799,0.0122,tu_base-d=cuda-type=dilated_gnn-dataset=PROTEINS-layer=gcnconv-edges=False-k1=2-k2=1-h=64-batch_size=32-lr=0.01-weight_decay=0.0005-batchnorm=False-act=relu-dropout=0.0-gpool=max_of_concat_layers,
cuda,dilated_gnn,PROTEINS,gcnconv,False,3.0,2.0,64,32,0.01,0.0005,False,relu,0.0,max_of_concat_layers,976,0.4264,0.0174,17285.0,0.7485,0.0112,0.8198,0.0016,0.795,0.0125,0.7352,0.0069,0.7638,0.002,0.8786,0.0107,tu_base-d=cuda-type=dilated_gnn-dataset=PROTEINS-layer=gcnconv-edges=False-k1=3-k2=2-h=64-batch_size=32-lr=0.01-weight_decay=0.0005-batchnorm=False-act=relu-dropout=0.0-gpool=max_of_concat_layers,
cuda,dilated_gnn,PROTEINS,gcnconv,False,3.0,3.0,64,32,0.01,0.0005,False,relu,0.0,max_of_concat_layers,993,0.3854,0.0509,21511.0,0.7001,0.0083,0.8316,0.0259,0.8,0.0442,0.7618,0.0168,0.7803,0.0299,0.901,0.0291,tu_base-d=cuda-type=dilated_gnn-dataset=PROTEINS-layer=gcnconv-edges=False-k1=3-k2=3-h=64-batch_size=32-lr=0.01-weight_decay=0.0005-batchnorm=False-act=relu-dropout=0.0-gpool=max_of_concat_layers,
cuda,dilated_gnn,PROTEINS,gcnconv,False,2.0,3.0,64,32,0.01,0.0005,False,relu,0.0,max_of_concat_layers,923,0.4259,0.0271,17287.0,0.6269,0.0044,0.8114,0.0153,0.7831,0.0158,0.7444,0.0326,0.7631,0.0242,0.879,0.0174,tu_base-d=cuda-type=dilated_gnn-dataset=PROTEINS-layer=gcnconv-edges=False-k1=2-k2=3-h=64-batch_size=32-lr=0.01-weight_decay=0.0005-batchnorm=False-act=relu-dropout=0.0-gpool=max_of_concat_layers,
cuda,dilated_gnn,PROTEINS,gcnconv,False,2.0,3.0,64,32,0.01,0.0005,False,relu,0.0,mean,616,0.5318,0.0232,17031.0,0.551,0.0222,0.7525,0.0126,0.7058,0.0199,0.6497,0.0176,0.6763,0.0131,0.7954,0.018,tu_base-d=cuda-type=dilated_gnn-dataset=PROTEINS-layer=gcnconv-edges=False-k1=2-k2=3-h=64-batch_size=32-lr=0.01-weight_decay=0.0005-batchnorm=False-act=relu-dropout=0.0-gpool=mean,
cuda,dilated_gnn,PROTEINS,gcnconv,False,3.0,2.0,64,32,0.01,0.0005,False,relu,0.0,mean,501,0.6692,0.0,17029.0,0.5064,0.0,0.6094,0.0,0.0,0.0,0.0,0.0,0.0,0.0,0.4518,0.0,tu_base-d=cuda-type=dilated_gnn-dataset=PROTEINS-layer=gcnconv-edges=False-k1=3-k2=2-h=64-batch_size=32-lr=0.01-weight_decay=0.0005-batchnorm=False-act=relu-dropout=0.0-gpool=mean,
cuda,dilated_gnn,PROTEINS,gcnconv,False,2.0,2.0,64,32,0.01,0.0005,False,relu,0.0,mean,575,0.5082,0.0,12869.0,0.6767,0.0,0.7699,0.0,0.7546,0.0,0.6631,0.0,0.7059,0.0,0.821,0.0,tu_base-d=cuda-type=dilated_gnn-dataset=PROTEINS-layer=gcnconv-edges=False-k1=2-k2=2-h=64-batch_size=32-lr=0.01-weight_decay=0.0005-batchnorm=False-act=relu-dropout=0.0-gpool=mean,
cuda,dilated_gnn,PROTEINS,gcnconv,False,3.0,1.0,64,32,0.01,0.0005,False,relu,0.0,mean,796,0.534,0.0,12867.0,0.5996,0.0,0.7621,0.0,0.7112,0.0,0.658,0.0,0.6836,0.0,0.7878,0.0,tu_base-d=cuda-type=dilated_gnn-dataset=PROTEINS-layer=gcnconv-edges=False-k1=3-k2=1-h=64-batch_size=32-lr=0.01-weight_decay=0.0005-batchnorm=False-act=relu-dropout=0.0-gpool=mean,
cuda,dilated_gnn,PROTEINS,gcnconv,False,2.0,1.0,64,32,0.01,0.0005,False,relu,0.0,mean,840,0.5102,0.0,8707.0,0.4413,0.0,0.7767,0.0,0.7185,0.0,0.704,0.0,0.7112,0.0,0.8164,0.0,tu_base-d=cuda-type=dilated_gnn-dataset=PROTEINS-layer=gcnconv-edges=False-k1=2-k2=1-h=64-batch_size=32-lr=0.01-weight_decay=0.0005-batchnorm=False-act=relu-dropout=0.0-gpool=mean,
cuda,dilated_gnn,PROTEINS,gcnconv,False,1.0,2.0,64,32,0.01,0.0005,False,relu,0.0,mean,972,0.5079,0.0,8709.0,0.4352,0.0,0.7789,0.0,0.75,0.0,0.6723,0.0,0.709,0.0,0.817,0.0,tu_base-d=cuda-type=dilated_gnn-dataset=PROTEINS-layer=gcnconv-edges=False-k1=1-k2=2-h=64-batch_size=32-lr=0.01-weight_decay=0.0005-batchnorm=False-act=relu-dropout=0.0-gpool=mean,
cuda,dilated_gnn,PROTEINS,gcnconv,False,1.0,3.0,64,32,0.01,0.0005,False,relu,0.0,mean,842,0.5209,0.0316,12871.0,0.6284,0.0387,0.7548,0.0149,0.7322,0.0274,0.6196,0.0234,0.6706,0.0139,0.8064,0.028,tu_base-d=cuda-type=dilated_gnn-dataset=PROTEINS-layer=gcnconv-edges=False-k1=1-k2=3-h=64-batch_size=32-lr=0.01-weight_decay=0.0005-batchnorm=False-act=relu-dropout=0.0-gpool=mean,
cuda,dilated_gnn,PROTEINS,gcnconv,False,3.0,3.0,64,32,0.01,0.0005,False,relu,0.0,mean,322,0.6747,0.0034,21191.0,0.5624,0.016,0.5976,0.0087,0.0556,0.1667,0.004,0.0122,0.0076,0.0227,0.4766,0.0217,tu_base-d=cuda-type=dilated_gnn-dataset=PROTEINS-layer=gcnconv-edges=False-k1=3-k2=3-h=64-batch_size=32-lr=0.01-weight_decay=0.0005-batchnorm=False-act=relu-dropout=0.0-gpool=mean,
cuda,dilated_gnn,PROTEINS,gcnconv,False,1.0,1.0,64,32,0.01,0.0005,False,relu,0.0,mean,982,0.5603,0.0,4547.0,0.4753,0.0,0.7531,0.0,0.7157,0.0,0.6132,0.0,0.6605,0.0,0.7643,0.0,tu_base-d=cuda-type=dilated_gnn-dataset=PROTEINS-layer=gcnconv-edges=False-k1=1-k2=1-h=64-batch_size=32-lr=0.01-weight_decay=0.0005-batchnorm=False-act=relu-dropout=0.0-gpool=mean,
cuda,dilated_gnn,PROTEINS,gcnconv,False,1.0,2.0,64,32,0.01,0.0005,False,relu,0.5,max_of_concat_layers,894,0.4982,0.0067,8837.0,0.736,0.0734,0.7699,0.0064,0.7408,0.0136,0.6465,0.0168,0.6904,0.0152,0.8269,0.0044,tu_base-d=cuda-type=dilated_gnn-dataset=PROTEINS-layer=gcnconv-edges=False-k1=1-k2=2-h=64-batch_size=32-lr=0.01-weight_decay=0.0005-batchnorm=False-act=relu-dropout=0.5-gpool=max_of_concat_layers,
cuda,dilated_gnn,PROTEINS,gcnconv,False,3.0,2.0,64,32,0.01,0.0005,False,relu,0.5,max_of_concat_layers,691,0.508,0.0,17285.0,0.8367,0.0,0.7666,0.0,0.7374,0.0,0.6275,0.0,0.678,0.0,0.818,0.0,tu_base-d=cuda-type=dilated_gnn-dataset=PROTEINS-layer=gcnconv-edges=False-k1=3-k2=2-h=64-batch_size=32-lr=0.01-weight_decay=0.0005-batchnorm=False-act=relu-dropout=0.5-gpool=max_of_concat_layers,
cuda,dilated_gnn,PROTEINS,gcnconv,False,2.0,2.0,64,32,0.01,0.0005,False,relu,0.5,max_of_concat_layers,964,0.5081,0.0,13061.0,0.7503,0.0,0.7654,0.0,0.7448,0.0,0.6103,0.0,0.6709,0.0,0.8178,0.0,tu_base-d=cuda-type=dilated_gnn-dataset=PROTEINS-layer=gcnconv-edges=False-k1=2-k2=2-h=64-batch_size=32-lr=0.01-weight_decay=0.0005-batchnorm=False-act=relu-dropout=0.5-gpool=max_of_concat_layers,
cuda,dilated_gnn,PROTEINS,gcnconv,False,3.0,3.0,64,32,0.01,0.0005,False,relu,0.5,max_of_concat_layers,955,0.51,0.016,21511.0,0.9254,0.0407,0.7671,0.0118,0.7218,0.0164,0.6586,0.0138,0.6888,0.0151,0.8122,0.0127,tu_base-d=cuda-type=dilated_gnn-dataset=PROTEINS-layer=gcnconv-edges=False-k1=3-k2=3-h=64-batch_size=32-lr=0.01-weight_decay=0.0005-batchnorm=False-act=relu-dropout=0.5-gpool=max_of_concat_layers,
cuda,dilated_gnn,PROTEINS,gcnconv,False,1.0,3.0,64,32,0.01,0.0005,False,relu,0.5,max_of_concat_layers,959,0.4985,0.0074,13063.0,0.6704,0.0419,0.7738,0.004,0.7395,0.0064,0.6628,0.0066,0.699,0.0008,0.826,0.0043,tu_base-d=cuda-type=dilated_gnn-dataset=PROTEINS-layer=gcnconv-edges=False-k1=1-k2=3-h=64-batch_size=32-lr=0.01-weight_decay=0.0005-batchnorm=False-act=relu-dropout=0.5-gpool=max_of_concat_layers,
cuda,dilated_gnn,PROTEINS,gcnconv,False,2.0,1.0,64,32,0.01,0.0005,False,relu,0.5,max_of_concat_layers,841,0.5235,0.0,8835.0,0.5505,0.0,0.7609,0.0,0.7409,0.0,0.655,0.0,0.6953,0.0,0.8078,0.0,tu_base-d=cuda-type=dilated_gnn-dataset=PROTEINS-layer=gcnconv-edges=False-k1=2-k2=1-h=64-batch_size=32-lr=0.01-weight_decay=0.0005-batchnorm=False-act=relu-dropout=0.5-gpool=max_of_concat_layers,
cuda,dilated_gnn,PROTEINS,gcnconv,False,1.0,1.0,64,32,0.01,0.0005,False,relu,0.5,max_of_concat_layers,854,0.4862,0.0,4611.0,0.6126,0.0,0.7789,0.0,0.7405,0.0,0.6705,0.0,0.7038,0.0,0.8329,0.0,tu_base-d=cuda-type=dilated_gnn-dataset=PROTEINS-layer=gcnconv-edges=False-k1=1-k2=1-h=64-batch_size=32-lr=0.01-weight_decay=0.0005-batchnorm=False-act=relu-dropout=0.5-gpool=max_of_concat_layers,
cuda,dilated_gnn,PROTEINS,gcnconv,False,3.0,1.0,64,32,0.01,0.0005,False,relu,0.5,max_of_concat_layers,722,0.5161,0.0107,13059.0,0.643,0.0108,0.7559,0.0134,0.7219,0.0157,0.6392,0.0176,0.6779,0.013,0.8104,0.0077,tu_base-d=cuda-type=dilated_gnn-dataset=PROTEINS-layer=gcnconv-edges=False-k1=3-k2=1-h=64-batch_size=32-lr=0.01-weight_decay=0.0005-batchnorm=False-act=relu-dropout=0.5-gpool=max_of_concat_layers,
cuda,dilated_gnn,PROTEINS,gcnconv,False,2.0,3.0,64,32,0.01,0.0005,False,relu,0.5,max_of_concat_layers,785,0.5311,0.0039,17287.0,0.9387,0.0827,0.7497,0.0033,0.7296,0.0023,0.6011,0.0229,0.659,0.0143,0.7973,0.0032,tu_base-d=cuda-type=dilated_gnn-dataset=PROTEINS-layer=gcnconv-edges=False-k1=2-k2=3-h=64-batch_size=32-lr=0.01-weight_decay=0.0005-batchnorm=False-act=relu-dropout=0.5-gpool=max_of_concat_layers,
cuda,dilated_gnn,PROTEINS,gcnconv,False,2.0,2.0,64,32,0.01,0.0005,False,relu,0.5,mean,889,0.5427,0.0,12869.0,0.5905,0.0,0.7542,0.0,0.75,0.0,0.6146,0.0,0.6756,0.0,0.7887,0.0,tu_base-d=cuda-type=dilated_gnn-dataset=PROTEINS-layer=gcnconv-edges=False-k1=2-k2=2-h=64-batch_size=32-lr=0.01-weight_decay=0.0005-batchnorm=False-act=relu-dropout=0.5-gpool=mean,
cuda,dilated_gnn,PROTEINS,gcnconv,False,2.0,1.0,64,32,0.01,0.0005,False,relu,0.5,mean,841,0.5696,0.0002,8707.0,0.5322,0.0082,0.7346,0.0017,0.7525,0.0106,0.5104,0.0491,0.6064,0.0315,0.7516,0.0036,tu_base-d=cuda-type=dilated_gnn-dataset=PROTEINS-layer=gcnconv-edges=False-k1=2-k2=1-h=64-batch_size=32-lr=0.01-weight_decay=0.0005-batchnorm=False-act=relu-dropout=0.5-gpool=mean,
cuda,dilated_gnn,PROTEINS,gcnconv,False,1.0,2.0,64,32,0.01,0.0005,False,relu,0.5,mean,612,0.5462,0.0138,8709.0,0.5774,0.062,0.7347,0.0114,0.7213,0.0216,0.555,0.0316,0.6269,0.0254,0.7888,0.0161,tu_base-d=cuda-type=dilated_gnn-dataset=PROTEINS-layer=gcnconv-edges=False-k1=1-k2=2-h=64-batch_size=32-lr=0.01-weight_decay=0.0005-batchnorm=False-act=relu-dropout=0.5-gpool=mean,
cuda,dilated_gnn,PROTEINS,gcnconv,False,1.0,1.0,64,32,0.01,0.0005,False,relu,0.5,mean,966,0.5729,0.0,4547.0,0.5289,0.0,0.7407,0.0,0.7143,0.0,0.5882,0.0,0.6452,0.0,0.7466,0.0,tu_base-d=cuda-type=dilated_gnn-dataset=PROTEINS-layer=gcnconv-edges=False-k1=1-k2=1-h=64-batch_size=32-lr=0.01-weight_decay=0.0005-batchnorm=False-act=relu-dropout=0.5-gpool=mean,
cuda,dilated_gnn,PROTEINS,gcnconv,False,3.0,3.0,64,32,0.01,0.0005,False,relu,0.5,mean,501,0.5513,0.0,21191.0,0.9519,0.0,0.743,0.0,0.7247,0.0,0.6173,0.0,0.6667,0.0,0.7846,0.0,tu_base-d=cuda-type=dilated_gnn-dataset=PROTEINS-layer=gcnconv-edges=False-k1=3-k2=3-h=64-batch_size=32-lr=0.01-weight_decay=0.0005-batchnorm=False-act=relu-dropout=0.5-gpool=mean,
cuda,dilated_gnn,PROTEINS,gcnconv,False,3.0,2.0,64,32,0.01,0.0005,False,relu,0.5,mean,992,0.5822,0.0,17029.0,0.6343,0.0,0.7228,0.0,0.7037,0.0,0.5322,0.0,0.6061,0.0,0.7344,0.0,tu_base-d=cuda-type=dilated_gnn-dataset=PROTEINS-layer=gcnconv-edges=False-k1=3-k2=2-h=64-batch_size=32-lr=0.01-weight_decay=0.0005-batchnorm=False-act=relu-dropout=0.5-gpool=mean,
cuda,dilated_gnn,PROTEINS,gcnconv,False,3.0,1.0,64,32,0.01,0.0005,False,relu,0.5,mean,973,0.5571,0.0,12867.0,0.8375,0.0,0.7419,0.0,0.7138,0.0,0.5938,0.0,0.6483,0.0,0.7727,0.0,tu_base-d=cuda-type=dilated_gnn-dataset=PROTEINS-layer=gcnconv-edges=False-k1=3-k2=1-h=64-batch_size=32-lr=0.01-weight_decay=0.0005-batchnorm=False-act=relu-dropout=0.5-gpool=mean,
cuda,dilated_gnn,PROTEINS,gcnconv,False,1.0,3.0,64,32,0.01,0.0005,False,relu,0.5,mean,807,0.531,0.0072,12871.0,0.7593,0.0893,0.7452,0.0106,0.7194,0.0249,0.6044,0.0372,0.6561,0.0245,0.8006,0.0053,tu_base-d=cuda-type=dilated_gnn-dataset=PROTEINS-layer=gcnconv-edges=False-k1=1-k2=3-h=64-batch_size=32-lr=0.01-weight_decay=0.0005-batchnorm=False-act=relu-dropout=0.5-gpool=mean,
cuda,dilated_gnn,PROTEINS,gcnconv,False,2.0,3.0,64,32,0.01,0.0005,False,relu,0.5,mean,889,0.5712,0.0182,17031.0,0.6863,0.026,0.7134,0.0321,0.7048,0.0529,0.5053,0.0096,0.5881,0.0246,0.7529,0.0187,tu_base-d=cuda-type=dilated_gnn-dataset=PROTEINS-layer=gcnconv-edges=False-k1=2-k2=3-h=64-batch_size=32-lr=0.01-weight_decay=0.0005-batchnorm=False-act=relu-dropout=0.5-gpool=mean,
cuda,standard_gnn,DD,gcnconv,,,,32,32,0.01,0.0005,False,relu,0.0,max_of_concat_layers,955,0.0172,0.0,5089.0,0.6821,0.0,1.0,0.0,1.0,0.0,1.0,0.0,1.0,0.0,1.0,0.0,tu_base-d=cuda-type=standard_gnn-dataset=DD-layer=gcnconv-h=32-layers_mp=3-batch_size=32-lr=0.01-weight_decay=0.0005-batchnorm=False-act=relu-dropout=0.0-gpool=max_of_concat_layers,3.0
cuda,standard_gnn,DD,gcnconv,,,,32,32,0.01,0.0005,False,relu,0.0,mean,865,0.3258,0.075,5025.0,0.64,0.0076,0.8717,0.0382,0.8603,0.0407,0.8284,0.052,0.844,0.0466,0.9348,0.0324,tu_base-d=cuda-type=standard_gnn-dataset=DD-layer=gcnconv-h=32-layers_mp=3-batch_size=32-lr=0.01-weight_decay=0.0005-batchnorm=False-act=relu-dropout=0.0-gpool=mean,3.0
cuda,standard_gnn,DD,gcnconv,,,,32,32,0.01,0.0005,False,relu,0.5,max_of_concat_layers,703,0.4074,0.0101,5089.0,0.5933,0.0109,0.8225,0.0084,0.8221,0.0152,0.7278,0.0101,0.7721,0.0114,0.8899,0.0071,tu_base-d=cuda-type=standard_gnn-dataset=DD-layer=gcnconv-h=32-layers_mp=3-batch_size=32-lr=0.01-weight_decay=0.0005-batchnorm=False-act=relu-dropout=0.5-gpool=max_of_concat_layers,3.0
cuda,standard_gnn,DD,gcnconv,,,,32,32,0.01,0.0005,False,relu,0.5,mean,589,0.5555,0.0,5025.0,0.5543,0.0,0.7614,0.0,0.7855,0.0,0.598,0.0,0.679,0.0,0.7801,0.0,tu_base-d=cuda-type=standard_gnn-dataset=DD-layer=gcnconv-h=32-layers_mp=3-batch_size=32-lr=0.01-weight_decay=0.0005-batchnorm=False-act=relu-dropout=0.5-gpool=mean,3.0
cuda,standard_gnn,DD,gcnconv,,,,32,32,0.01,0.0005,False,relu,0.0,max_of_concat_layers,930,0.0206,0.0,7265.0,0.7438,0.0,1.0,0.0,1.0,0.0,1.0,0.0,1.0,0.0,1.0,0.0,tu_base-d=cuda-type=standard_gnn-dataset=DD-layer=gcnconv-h=32-layers_mp=5-batch_size=32-lr=0.01-weight_decay=0.0005-batchnorm=False-act=relu-dropout=0.0-gpool=max_of_concat_layers,5.0
cuda,standard_gnn,DD,gcnconv,,,,32,32,0.01,0.0005,False,relu,0.0,mean,504,0.3968,0.0,7137.0,0.6345,0.0,0.8409,0.0,0.8671,0.0,0.7303,0.0,0.7928,0.0,0.8956,0.0,tu_base-d=cuda-type=standard_gnn-dataset=DD-layer=gcnconv-h=32-layers_mp=5-batch_size=32-lr=0.01-weight_decay=0.0005-batchnorm=False-act=relu-dropout=0.0-gpool=mean,5.0
cuda,standard_gnn,DD,gcnconv,,,,32,32,0.01,0.0005,False,relu,0.5,max_of_concat_layers,940,0.4132,0.0193,7265.0,0.7128,0.0178,0.8221,0.0103,0.8206,0.0123,0.7301,0.0101,0.7727,0.0107,0.8848,0.0125,tu_base-d=cuda-type=standard_gnn-dataset=DD-layer=gcnconv-h=32-layers_mp=5-batch_size=32-lr=0.01-weight_decay=0.0005-batchnorm=False-act=relu-dropout=0.5-gpool=max_of_concat_layers,5.0
cuda,standard_gnn,DD,gcnconv,,,,32,32,0.01,0.0005,False,relu,0.5,mean,1,0.6792,0.0017,7137.0,0.5662,0.0147,0.5857,0.0046,0.0,0.0,0.0,0.0,0.0,0.0,0.4862,0.0162,tu_base-d=cuda-type=standard_gnn-dataset=DD-layer=gcnconv-h=32-layers_mp=5-batch_size=32-lr=0.01-weight_decay=0.0005-batchnorm=False-act=relu-dropout=0.5-gpool=mean,5.0
cuda,standard_gnn,DD,gcnconv,,,,64,32,0.01,0.0005,False,relu,0.0,max_of_concat_layers,760,0.0193,0.002,14273.0,0.6591,0.0051,1.0,0.0,1.0,0.0,1.0,0.0,1.0,0.0,1.0,0.0,tu_base-d=cuda-type=standard_gnn-dataset=DD-layer=gcnconv-h=64-layers_mp=3-batch_size=32-lr=0.01-weight_decay=0.0005-batchnorm=False-act=relu-dropout=0.0-gpool=max_of_concat_layers,3.0
cuda,standard_gnn,DD,gcnconv,,,,64,32,0.01,0.0005,False,relu,0.0,mean,747,0.3338,0.0,14145.0,0.5973,0.0,0.8674,0.0,0.8623,0.0,0.8067,0.0,0.8336,0.0,0.9307,0.0,tu_base-d=cuda-type=standard_gnn-dataset=DD-layer=gcnconv-h=64-layers_mp=3-batch_size=32-lr=0.01-weight_decay=0.0005-batchnorm=False-act=relu-dropout=0.0-gpool=mean,3.0
cuda,standard_gnn,DD,gcnconv,,,,64,32,0.01,0.0005,False,relu,0.5,max_of_concat_layers,923,0.3474,0.031,14273.0,0.6936,0.0222,0.8568,0.0191,0.8405,0.0155,0.8041,0.0318,0.8218,0.0239,0.9212,0.0143,tu_base-d=cuda-type=standard_gnn-dataset=DD-layer=gcnconv-h=64-layers_mp=3-batch_size=32-lr=0.01-weight_decay=0.0005-batchnorm=False-act=relu-dropout=0.5-gpool=max_of_concat_layers,3.0
cuda,standard_gnn,DD,gcnconv,,,,64,32,0.01,0.0005,False,relu,0.5,mean,560,0.5016,0.0,14145.0,0.6575,0.0,0.789,0.0,0.7925,0.0,0.6545,0.0,0.7169,0.0,0.8271,0.0,tu_base-d=cuda-type=standard_gnn-dataset=DD-layer=gcnconv-h=64-layers_mp=3-batch_size=32-lr=0.01-weight_decay=0.0005-batchnorm=False-act=relu-dropout=0.5-gpool=mean,3.0
cuda,standard_gnn,DD,gcnconv,,,,64,32,0.01,0.0005,False,relu,0.0,max_of_concat_layers,761,0.0205,0.0074,22721.0,0.7412,0.0126,1.0,0.0,1.0,0.0,1.0,0.0,1.0,0.0,1.0,0.0,tu_base-d=cuda-type=standard_gnn-dataset=DD-layer=gcnconv-h=64-layers_mp=5-batch_size=32-lr=0.01-weight_decay=0.0005-batchnorm=False-act=relu-dropout=0.0-gpool=max_of_concat_layers,5.0
cuda,standard_gnn,DD,gcnconv,,,,64,32,0.01,0.0005,False,relu,0.0,mean,1,0.6805,0.0023,22465.0,0.7058,0.0471,0.5857,0.0046,0.0,0.0,0.0,0.0,0.0,0.0,0.4797,0.0102,tu_base-d=cuda-type=standard_gnn-dataset=DD-layer=gcnconv-h=64-layers_mp=5-batch_size=32-lr=0.01-weight_decay=0.0005-batchnorm=False-act=relu-dropout=0.0-gpool=mean,5.0
cuda,standard_gnn,DD,gcnconv,,,,64,32,0.01,0.0005,False,relu,0.5,max_of_concat_layers,936,0.3632,0.0182,22721.0,0.9614,0.264,0.8507,0.012,0.8401,0.0184,0.7896,0.0203,0.8139,0.0151,0.9138,0.009,tu_base-d=cuda-type=standard_gnn-dataset=DD-layer=gcnconv-h=64-layers_mp=5-batch_size=32-lr=0.01-weight_decay=0.0005-batchnorm=False-act=relu-dropout=0.5-gpool=max_of_concat_layers,5.0
cuda,standard_gnn,DD,gcnconv,,,,64,32,0.01,0.0005,False,relu,0.5,mean,18,0.6795,0.0016,22465.0,0.751,0.0304,0.5858,0.0044,0.0526,0.1579,0.0025,0.0075,0.0048,0.0144,0.4753,0.0193,tu_base-d=cuda-type=standard_gnn-dataset=DD-layer=gcnconv-h=64-layers_mp=5-batch_size=32-lr=0.01-weight_decay=0.0005-batchnorm=False-act=relu-dropout=0.5-gpool=mean,5.0
cuda,standard_gnn,NCI1,gcnconv,,,,32,32,0.01,0.0005,False,relu,0.0,max_of_concat_layers,821,0.4984,0.0182,3425.0,0.9336,0.0654,0.7589,0.0148,0.7568,0.0183,0.7627,0.0139,0.7596,0.0144,0.8378,0.0138,tu_base-d=cuda-type=standard_gnn-dataset=NCI1-layer=gcnconv-h=32-layers_mp=3-batch_size=32-lr=0.01-weight_decay=0.0005-batchnorm=False-act=relu-dropout=0.0-gpool=max_of_concat_layers,3.0
cuda,standard_gnn,NCI1,gcnconv,,,,32,32,0.01,0.0005,False,relu,0.0,mean,859,0.6208,0.0006,3361.0,0.814,0.0466,0.67,0.0012,0.6656,0.002,0.6874,0.0136,0.6762,0.0055,0.717,0.0009,tu_base-d=cuda-type=standard_gnn-dataset=NCI1-layer=gcnconv-h=32-layers_mp=3-batch_size=32-lr=0.01-weight_decay=0.0005-batchnorm=False-act=relu-dropout=0.0-gpool=mean,3.0
cuda,standard_gnn,NCI1,gcnconv,,,,32,32,0.01,0.0005,False,relu,0.5,max_of_concat_layers,529,0.6213,0.0029,3425.0,0.9535,0.0815,0.6624,0.0097,0.6679,0.0122,0.6402,0.0152,0.6538,0.0137,0.7139,0.0053,tu_base-d=cuda-type=standard_gnn-dataset=NCI1-layer=gcnconv-h=32-layers_mp=3-batch_size=32-lr=0.01-weight_decay=0.0005-batchnorm=False-act=relu-dropout=0.5-gpool=max_of_concat_layers,3.0
cuda,standard_gnn,NCI1,gcnconv,,,,32,32,0.01,0.0005,False,relu,0.5,mean,940,0.6775,0.0,3361.0,0.8562,0.0,0.5909,0.0,0.5808,0.0,0.6677,0.0,0.6212,0.0,0.5964,0.0,tu_base-d=cuda-type=standard_gnn-dataset=NCI1-layer=gcnconv-h=32-layers_mp=3-batch_size=32-lr=0.01-weight_decay=0.0005-batchnorm=False-act=relu-dropout=0.5-gpool=mean,3.0
cuda,standard_gnn,NCI1,gcnconv,,,,32,32,0.01,0.0005,False,relu,0.0,max_of_concat_layers,858,0.5238,0.0177,5601.0,1.1798,0.1123,0.7437,0.0129,0.7418,0.0135,0.7476,0.0145,0.7447,0.0133,0.8174,0.0146,tu_base-d=cuda-type=standard_gnn-dataset=NCI1-layer=gcnconv-h=32-layers_mp=5-batch_size=32-lr=0.01-weight_decay=0.0005-batchnorm=False-act=relu-dropout=0.0-gpool=max_of_concat_layers,5.0
cuda,standard_gnn,NCI1,gcnconv,,,,32,32,0.01,0.0005,False,relu,0.0,mean,774,0.6923,0.0,5473.0,1.0403,0.0,0.5249,0.0,0.5376,0.0,0.3732,0.0,0.4405,0.0,0.5256,0.0,tu_base-d=cuda-type=standard_gnn-dataset=NCI1-layer=gcnconv-h=32-layers_mp=5-batch_size=32-lr=0.01-weight_decay=0.0005-batchnorm=False-act=relu-dropout=0.0-gpool=mean,5.0
cuda,standard_gnn,NCI1,gcnconv,,,,32,32,0.01,0.0005,False,relu,0.5,max_of_concat_layers,781,0.5991,0.0,5601.0,1.1933,0.0,0.684,0.0,0.6947,0.0,0.6614,0.0,0.6776,0.0,0.74,0.0,tu_base-d=cuda-type=standard_gnn-dataset=NCI1-layer=gcnconv-h=32-layers_mp=5-batch_size=32-lr=0.01-weight_decay=0.0005-batchnorm=False-act=relu-dropout=0.5-gpool=max_of_concat_layers,5.0
cuda,standard_gnn,NCI1,gcnconv,,,,32,32,0.01,0.0005,False,relu,0.5,mean,593,0.6936,0.0,5473.0,1.2466,0.0631,0.5128,0.004,0.5132,0.0031,0.5203,0.0458,0.5159,0.0242,0.5087,0.0048,tu_base-d=cuda-type=standard_gnn-dataset=NCI1-layer=gcnconv-h=32-layers_mp=5-batch_size=32-lr=0.01-weight_decay=0.0005-batchnorm=False-act=relu-dropout=0.5-gpool=mean,5.0
cuda,standard_gnn,NCI1,gcnconv,,,,64,32,0.01,0.0005,False,relu,0.0,max_of_concat_layers,884,0.501,0.0206,10945.0,1.0005,0.1147,0.7573,0.0132,0.7539,0.0149,0.7635,0.0171,0.7586,0.013,0.8361,0.0155,tu_base-d=cuda-type=standard_gnn-dataset=NCI1-layer=gcnconv-h=64-layers_mp=3-batch_size=32-lr=0.01-weight_decay=0.0005-batchnorm=False-act=relu-dropout=0.0-gpool=max_of_concat_layers,3.0
cuda,standard_gnn,NCI1,gcnconv,,,,64,32,0.01,0.0005,False,relu,0.0,mean,640,0.6462,0.0346,10817.0,0.7694,0.036,0.6135,0.0745,0.6098,0.0725,0.5805,0.1456,0.5917,0.1136,0.6448,0.0982,tu_base-d=cuda-type=standard_gnn-dataset=NCI1-layer=gcnconv-h=64-layers_mp=3-batch_size=32-lr=0.01-weight_decay=0.0005-batchnorm=False-act=relu-dropout=0.0-gpool=mean,3.0
cuda,standard_gnn,NCI1,gcnconv,,,,64,32,0.01,0.0005,False,relu,0.5,max_of_concat_layers,640,0.5955,0.0,10945.0,1.1267,0.0,0.6849,0.0,0.6882,0.0,0.6782,0.0,0.6832,0.0,0.7461,0.0,tu_base-d=cuda-type=standard_gnn-dataset=NCI1-layer=gcnconv-h=64-layers_mp=3-batch_size=32-lr=0.01-weight_decay=0.0005-batchnorm=False-act=relu-dropout=0.5-gpool=max_of_concat_layers,3.0
cuda,standard_gnn,NCI1,gcnconv,,,,64,32,0.01,0.0005,False,relu,0.5,mean,691,0.67,0.0237,10817.0,1.2684,0.0247,0.5655,0.0549,0.5654,0.0524,0.512,0.1244,0.5342,0.0928,0.5861,0.0868,tu_base-d=cuda-type=standard_gnn-dataset=NCI1-layer=gcnconv-h=64-layers_mp=3-batch_size=32-lr=0.01-weight_decay=0.0005-batchnorm=False-act=relu-dropout=0.5-gpool=mean,3.0
cuda,standard_gnn,NCI1,gcnconv,,,,64,32,0.01,0.0005,False,relu,0.0,max_of_concat_layers,975,0.5055,0.0283,19393.0,1.1694,0.045,0.756,0.0207,0.7555,0.0226,0.7574,0.0242,0.7562,0.0206,0.8317,0.022,tu_base-d=cuda-type=standard_gnn-dataset=NCI1-layer=gcnconv-h=64-layers_mp=5-batch_size=32-lr=0.01-weight_decay=0.0005-batchnorm=False-act=relu-dropout=0.0-gpool=max_of_concat_layers,5.0
cuda,standard_gnn,NCI1,gcnconv,,,,64,32,0.01,0.0005,False,relu,0.0,mean,40,0.6942,0.0007,19137.0,0.9502,0.0433,0.5053,0.0061,0.5051,0.0076,0.4777,0.1225,0.4832,0.0638,0.5029,0.0072,tu_base-d=cuda-type=standard_gnn-dataset=NCI1-layer=gcnconv-h=64-layers_mp=5-batch_size=32-lr=0.01-weight_decay=0.0005-batchnorm=False-act=relu-dropout=0.0-gpool=mean,5.0
cuda,standard_gnn,NCI1,gcnconv,,,,64,32,0.01,0.0005,False,relu,0.5,max_of_concat_layers,976,0.6038,0.0,19393.0,2.0398,0.0,0.6822,0.0,0.6965,0.0,0.6505,0.0,0.6727,0.0,0.7344,0.0,tu_base-d=cuda-type=standard_gnn-dataset=NCI1-layer=gcnconv-h=64-layers_mp=5-batch_size=32-lr=0.01-weight_decay=0.0005-batchnorm=False-act=relu-dropout=0.5-gpool=max_of_concat_layers,5.0
cuda,standard_gnn,NCI1,gcnconv,,,,64,32,0.01,0.0005,False,relu,0.5,mean,778,0.6932,0.0,19137.0,1.2542,0.0,0.5198,0.0,0.5202,0.0,0.5627,0.0,0.5406,0.0,0.5134,0.0,tu_base-d=cuda-type=standard_gnn-dataset=NCI1-layer=gcnconv-h=64-layers_mp=5-batch_size=32-lr=0.01-weight_decay=0.0005-batchnorm=False-act=relu-dropout=0.5-gpool=mean,5.0
cuda,standard_gnn,PROTEINS,gcnconv,,,,32,32,0.01,0.0005,False,relu,0.0,max_of_concat_layers,555,0.449,0.0213,2369.0,0.4518,0.0259,0.7927,0.0149,0.7648,0.0203,0.703,0.0269,0.7324,0.0213,0.8635,0.0146,tu_base-d=cuda-type=standard_gnn-dataset=PROTEINS-layer=gcnconv-h=32-layers_mp=3-batch_size=32-lr=0.01-weight_decay=0.0005-batchnorm=False-act=relu-dropout=0.0-gpool=max_of_concat_layers,3.0
cuda,standard_gnn,PROTEINS,gcnconv,,,,32,32,0.01,0.0005,False,relu,0.0,mean,1,0.6761,0.004,2305.0,0.4653,0.0465,0.5973,0.0091,0.0,0.0,0.0,0.0,0.0,0.0,0.4774,0.0193,tu_base-d=cuda-type=standard_gnn-dataset=PROTEINS-layer=gcnconv-h=32-layers_mp=3-batch_size=32-lr=0.01-weight_decay=0.0005-batchnorm=False-act=relu-dropout=0.0-gpool=mean,3.0
cuda,standard_gnn,PROTEINS,gcnconv,,,,32,32,0.01,0.0005,False,relu,0.5,max_of_concat_layers,668,0.5347,0.0016,2369.0,0.5572,0.0031,0.7469,0.0017,0.7091,0.0042,0.6002,0.0157,0.65,0.0075,0.7886,0.0028,tu_base-d=cuda-type=standard_gnn-dataset=PROTEINS-layer=gcnconv-h=32-layers_mp=3-batch_size=32-lr=0.01-weight_decay=0.0005-batchnorm=False-act=relu-dropout=0.5-gpool=max_of_concat_layers,3.0
cuda,standard_gnn,PROTEINS,gcnconv,,,,32,32,0.01,0.0005,False,relu,0.5,mean,25,0.675,0.0035,2305.0,0.5021,0.097,0.5975,0.0088,0.1,0.3,0.0005,0.0016,0.0011,0.0032,0.4732,0.0237,tu_base-d=cuda-type=standard_gnn-dataset=PROTEINS-layer=gcnconv-h=32-layers_mp=3-batch_size=32-lr=0.01-weight_decay=0.0005-batchnorm=False-act=relu-dropout=0.5-gpool=mean,3.0
cuda,standard_gnn,PROTEINS,gcnconv,,,,32,32,0.01,0.0005,False,relu,0.0,max_of_concat_layers,827,0.4426,0.0205,4545.0,0.5924,0.0157,0.8047,0.0135,0.7697,0.0034,0.7311,0.042,0.7494,0.0237,0.8678,0.0134,tu_base-d=cuda-type=standard_gnn-dataset=PROTEINS-layer=gcnconv-h=32-layers_mp=5-batch_size=32-lr=0.01-weight_decay=0.0005-batchnorm=False-act=relu-dropout=0.0-gpool=max_of_concat_layers,5.0
cuda,standard_gnn,PROTEINS,gcnconv,,,,32,32,0.01,0.0005,False,relu,0.0,mean,1,0.6759,0.0039,4417.0,0.417,0.0154,0.5973,0.0091,0.0,0.0,0.0,0.0,0.0,0.0,0.4807,0.0195,tu_base-d=cuda-type=standard_gnn-dataset=PROTEINS-layer=gcnconv-h=32-layers_mp=5-batch_size=32-lr=0.01-weight_decay=0.0005-batchnorm=False-act=relu-dropout=0.0-gpool=mean,5.0
cuda,standard_gnn,PROTEINS,gcnconv,,,,32,32,0.01,0.0005,False,relu,0.5,max_of_concat_layers,740,0.523,0.0048,4545.0,0.6695,0.0173,0.7536,0.005,0.7298,0.0118,0.612,0.0014,0.6656,0.004,0.8022,0.0034,tu_base-d=cuda-type=standard_gnn-dataset=PROTEINS-layer=gcnconv-h=32-layers_mp=5-batch_size=32-lr=0.01-weight_decay=0.0005-batchnorm=False-act=relu-dropout=0.5-gpool=max_of_concat_layers,5.0
cuda,standard_gnn,PROTEINS,gcnconv,,,,32,32,0.01,0.0005,False,relu,0.5,mean,8,0.6758,0.0042,4417.0,0.5134,0.0395,0.5975,0.0088,0.1,0.3,0.0005,0.0016,0.0011,0.0032,0.4805,0.0171,tu_base-d=cuda-type=standard_gnn-dataset=PROTEINS-layer=gcnconv-h=32-layers_mp=5-batch_size=32-lr=0.01-weight_decay=0.0005-batchnorm=False-act=relu-dropout=0.5-gpool=mean,5.0
cuda,standard_gnn,PROTEINS,gcnconv,,,,64,32,0.01,0.0005,False,relu,0.0,max_of_concat_layers,619,0.4303,0.025,8833.0,0.4483,0.0246,0.8044,0.014,0.7724,0.0206,0.7307,0.024,0.7509,0.0212,0.8757,0.0164,tu_base-d=cuda-type=standard_gnn-dataset=PROTEINS-layer=gcnconv-h=64-layers_mp=3-batch_size=32-lr=0.01-weight_decay=0.0005-batchnorm=False-act=relu-dropout=0.0-gpool=max_of_concat_layers,3.0
cuda,standard_gnn,PROTEINS,gcnconv,,,,64,32,0.01,0.0005,False,relu,0.0,mean,303,0.6753,0.0038,8705.0,0.4503,0.0241,0.5975,0.0088,0.0531,0.1594,0.0046,0.0138,0.0085,0.0254,0.476,0.0186,tu_base-d=cuda-type=standard_gnn-dataset=PROTEINS-layer=gcnconv-h=64-layers_mp=3-batch_size=32-lr=0.01-weight_decay=0.0005-batchnorm=False-act=relu-dropout=0.0-gpool=mean,3.0
cuda,standard_gnn,PROTEINS,gcnconv,,,,64,32,0.01,0.0005,False,relu,0.5,max_of_concat_layers,987,0.4934,0.0,8833.0,0.5675,0.0,0.7834,0.0,0.7508,0.0,0.6667,0.0,0.7062,0.0,0.8272,0.0,tu_base-d=cuda-type=standard_gnn-dataset=PROTEINS-layer=gcnconv-h=64-layers_mp=3-batch_size=32-lr=0.01-weight_decay=0.0005-batchnorm=False-act=relu-dropout=0.5-gpool=max_of_concat_layers,3.0
cuda,standard_gnn,PROTEINS,gcnconv,,,,64,32,0.01,0.0005,False,relu,0.5,mean,501,0.6726,0.002,8705.0,0.5204,0.0087,0.6044,0.005,0.0,0.0,0.0,0.0,0.0,0.0,0.4673,0.0091,tu_base-d=cuda-type=standard_gnn-dataset=PROTEINS-layer=gcnconv-h=64-layers_mp=3-batch_size=32-lr=0.01-weight_decay=0.0005-batchnorm=False-act=relu-dropout=0.5-gpool=mean,3.0
cuda,standard_gnn,PROTEINS,gcnconv,,,,64,32,0.01,0.0005,False,relu,0.0,max_of_concat_layers,968,0.4421,0.0,17281.0,0.5983,0.0,0.8193,0.0,0.7865,0.0,0.7535,0.0,0.7697,0.0,0.8684,0.0,tu_base-d=cuda-type=standard_gnn-dataset=PROTEINS-layer=gcnconv-h=64-layers_mp=5-batch_size=32-lr=0.01-weight_decay=0.0005-batchnorm=False-act=relu-dropout=0.0-gpool=max_of_concat_layers,5.0
cuda,standard_gnn,PROTEINS,gcnconv,,,,64,32,0.01,0.0005,False,relu,0.0,mean,1,0.6762,0.004,17025.0,0.6413,0.05,0.5973,0.0091,0.0,0.0,0.0,0.0,0.0,0.0,0.4788,0.0092,tu_base-d=cuda-type=standard_gnn-dataset=PROTEINS-layer=gcnconv-h=64-layers_mp=5-batch_size=32-lr=0.01-weight_decay=0.0005-batchnorm=False-act=relu-dropout=0.0-gpool=mean,5.0
cuda,standard_gnn,PROTEINS,gcnconv,,,,64,32,0.01,0.0005,False,relu,0.5,max_of_concat_layers,851,0.5347,0.0084,17281.0,1.007,0.0521,0.7492,0.0096,0.7264,0.0219,0.6126,0.0066,0.6647,0.013,0.795,0.0086,tu_base-d=cuda-type=standard_gnn-dataset=PROTEINS-layer=gcnconv-h=64-layers_mp=5-batch_size=32-lr=0.01-weight_decay=0.0005-batchnorm=False-act=relu-dropout=0.5-gpool=max_of_concat_layers,5.0
cuda,standard_gnn,PROTEINS,gcnconv,,,,64,32,0.01,0.0005,False,relu,0.5,mean,42,0.675,0.0034,17025.0,0.5856,0.0125,0.5981,0.0083,0.0769,0.2308,0.0027,0.0081,0.0052,0.0157,0.4847,0.023,tu_base-d=cuda-type=standard_gnn-dataset=PROTEINS-layer=gcnconv-h=64-layers_mp=5-batch_size=32-lr=0.01-weight_decay=0.0005-batchnorm=False-act=relu-dropout=0.5-gpool=mean,5.0
